Series Name,Country Name,Country Code,Time,Value
Current health expenditure per capita (current US$),Albania,ALB,2000,80.61695099
Current health expenditure per capita (current US$),Albania,ALB,2001,89.58073425
Current health expenditure per capita (current US$),Albania,ALB,2002,96.27111816
Current health expenditure per capita (current US$),Albania,ALB,2004,156.5681763
Current health expenditure per capita (current US$),Albania,ALB,2003,125.9879761
Current health expenditure per capita (current US$),Albania,ALB,2005,165.2653656
Current health expenditure per capita (current US$),Albania,ALB,2006,174.5302429
Current health expenditure per capita (current US$),Albania,ALB,2007,222.3036652
Current health expenditure per capita (current US$),Albania,ALB,2008,220.4642487
Current health expenditure per capita (current US$),Albania,ALB,2009,186.4428101
Current health expenditure per capita (current US$),Albania,ALB,2010,192.0032196
Current health expenditure per capita (current US$),Albania,ALB,2011,211.0755158
Current health expenditure per capita (current US$),Albania,ALB,2012,213.7197418
Current health expenditure per capita (current US$),Albania,ALB,2013,236.957962
Current health expenditure per capita (current US$),Albania,ALB,2014,251.3582611
Current health expenditure per capita (current US$),Albania,ALB,2015,192.8851318
Current health expenditure per capita (current US$),Albania,ALB,2016,202.0133209
Current health expenditure per capita (current US$),Albania,ALB,2017,226.2806702
Current health expenditure per capita (current US$),Albania,ALB,2018,274.914093
Current health expenditure per capita (current US$),Albania,ALB,2019,0
Current health expenditure per capita (current US$),Andorra,AND,2000,1302.620728
Current health expenditure per capita (current US$),Andorra,AND,2001,1347.484985
Current health expenditure per capita (current US$),Andorra,AND,2002,1528.75061
Current health expenditure per capita (current US$),Andorra,AND,2004,2043.302246
Current health expenditure per capita (current US$),Andorra,AND,2003,1820.04187
Current health expenditure per capita (current US$),Andorra,AND,2005,2299.703613
Current health expenditure per capita (current US$),Andorra,AND,2006,2161.205322
Current health expenditure per capita (current US$),Andorra,AND,2007,2403.599121
Current health expenditure per capita (current US$),Andorra,AND,2008,2818.804688
Current health expenditure per capita (current US$),Andorra,AND,2009,2714.249756
Current health expenditure per capita (current US$),Andorra,AND,2010,2685.479736
Current health expenditure per capita (current US$),Andorra,AND,2011,2634.032715
Current health expenditure per capita (current US$),Andorra,AND,2012,2370.057129
Current health expenditure per capita (current US$),Andorra,AND,2013,2432.782715
Current health expenditure per capita (current US$),Andorra,AND,2014,2529.089844
Current health expenditure per capita (current US$),Andorra,AND,2015,2246.254395
Current health expenditure per capita (current US$),Andorra,AND,2016,2361.217529
Current health expenditure per capita (current US$),Andorra,AND,2017,2567.423828
Current health expenditure per capita (current US$),Andorra,AND,2018,2821.80127
Current health expenditure per capita (current US$),Andorra,AND,2019,2744.194336
Current health expenditure per capita (current US$),Armenia,ARM,2000,26.12908936
Current health expenditure per capita (current US$),Armenia,ARM,2001,32.25933838
Current health expenditure per capita (current US$),Armenia,ARM,2002,59.63238907
Current health expenditure per capita (current US$),Armenia,ARM,2004,72.17178345
Current health expenditure per capita (current US$),Armenia,ARM,2003,66.77802277
Current health expenditure per capita (current US$),Armenia,ARM,2005,96.35484314
Current health expenditure per capita (current US$),Armenia,ARM,2006,126.252945
Current health expenditure per capita (current US$),Armenia,ARM,2007,172.6018677
Current health expenditure per capita (current US$),Armenia,ARM,2008,266.3115845
Current health expenditure per capita (current US$),Armenia,ARM,2009,252.8356018
Current health expenditure per capita (current US$),Armenia,ARM,2010,297.2290649
Current health expenditure per capita (current US$),Armenia,ARM,2011,330.5755615
Current health expenditure per capita (current US$),Armenia,ARM,2012,336.3205566
Current health expenditure per capita (current US$),Armenia,ARM,2013,396.232544
Current health expenditure per capita (current US$),Armenia,ARM,2014,405.7288818
Current health expenditure per capita (current US$),Armenia,ARM,2015,364.9728088
Current health expenditure per capita (current US$),Armenia,ARM,2016,357.4577637
Current health expenditure per capita (current US$),Armenia,ARM,2017,405.6506958
Current health expenditure per capita (current US$),Armenia,ARM,2018,422.2826843
Current health expenditure per capita (current US$),Armenia,ARM,2019,523.9990845
Current health expenditure per capita (current US$),Austria,AUT,2000,2269.126465
Current health expenditure per capita (current US$),Austria,AUT,2001,2282.515869
Current health expenditure per capita (current US$),Austria,AUT,2002,2497.865967
Current health expenditure per capita (current US$),Austria,AUT,2004,3594.650391
Current health expenditure per capita (current US$),Austria,AUT,2003,3091.240234
Current health expenditure per capita (current US$),Austria,AUT,2005,3710.397949
Current health expenditure per capita (current US$),Austria,AUT,2006,3882.981934
Current health expenditure per capita (current US$),Austria,AUT,2007,4478.768555
Current health expenditure per capita (current US$),Austria,AUT,2008,5057.760742
Current health expenditure per capita (current US$),Austria,AUT,2009,4928.987793
Current health expenditure per capita (current US$),Austria,AUT,2010,4800.793457
Current health expenditure per capita (current US$),Austria,AUT,2011,5167.817871
Current health expenditure per capita (current US$),Austria,AUT,2012,4966.095703
Current health expenditure per capita (current US$),Austria,AUT,2013,5235.341309
Current health expenditure per capita (current US$),Austria,AUT,2014,5393.602051
Current health expenditure per capita (current US$),Austria,AUT,2015,4612.824219
Current health expenditure per capita (current US$),Austria,AUT,2016,4709.875977
Current health expenditure per capita (current US$),Austria,AUT,2017,4938.919922
Current health expenditure per capita (current US$),Austria,AUT,2018,5322.262695
Current health expenditure per capita (current US$),Austria,AUT,2019,5242.183105
Current health expenditure per capita (current US$),Azerbaijan,AZE,2000,19.14171791
Current health expenditure per capita (current US$),Azerbaijan,AZE,2001,19.19028282
Current health expenditure per capita (current US$),Azerbaijan,AZE,2002,20.59105873
Current health expenditure per capita (current US$),Azerbaijan,AZE,2004,27.38257599
Current health expenditure per capita (current US$),Azerbaijan,AZE,2003,23.80008125
Current health expenditure per capita (current US$),Azerbaijan,AZE,2005,35.07611465
Current health expenditure per capita (current US$),Azerbaijan,AZE,2006,50.24787903
Current health expenditure per capita (current US$),Azerbaijan,AZE,2007,75.39520264
Current health expenditure per capita (current US$),Azerbaijan,AZE,2008,107.3614349
Current health expenditure per capita (current US$),Azerbaijan,AZE,2009,129.7258606
Current health expenditure per capita (current US$),Azerbaijan,AZE,2010,145.8452606
Current health expenditure per capita (current US$),Azerbaijan,AZE,2011,176.4084778
Current health expenditure per capita (current US$),Azerbaijan,AZE,2012,222.9855194
Current health expenditure per capita (current US$),Azerbaijan,AZE,2013,239.9508057
Current health expenditure per capita (current US$),Azerbaijan,AZE,2014,267.3097229
Current health expenditure per capita (current US$),Azerbaijan,AZE,2015,226.510025
Current health expenditure per capita (current US$),Azerbaijan,AZE,2016,156.9957275
Current health expenditure per capita (current US$),Azerbaijan,AZE,2017,155.0982666
Current health expenditure per capita (current US$),Azerbaijan,AZE,2018,168.3916473
Current health expenditure per capita (current US$),Azerbaijan,AZE,2019,193.1088409
Current health expenditure per capita (current US$),Belarus,BLR,2000,57.66816711
Current health expenditure per capita (current US$),Belarus,BLR,2001,74.33643341
Current health expenditure per capita (current US$),Belarus,BLR,2002,87.08403778
Current health expenditure per capita (current US$),Belarus,BLR,2004,142.7480164
Current health expenditure per capita (current US$),Belarus,BLR,2003,109.8769302
Current health expenditure per capita (current US$),Belarus,BLR,2005,198.3073731
Current health expenditure per capita (current US$),Belarus,BLR,2006,223.831192
Current health expenditure per capita (current US$),Belarus,BLR,2007,281.0776367
Current health expenditure per capita (current US$),Belarus,BLR,2008,351.7279663
Current health expenditure per capita (current US$),Belarus,BLR,2009,290.7015381
Current health expenditure per capita (current US$),Belarus,BLR,2010,343.6791077
Current health expenditure per capita (current US$),Belarus,BLR,2011,319.7537231
Current health expenditure per capita (current US$),Belarus,BLR,2012,365.874939
Current health expenditure per capita (current US$),Belarus,BLR,2013,456.4916687
Current health expenditure per capita (current US$),Belarus,BLR,2014,450.2226257
Current health expenditure per capita (current US$),Belarus,BLR,2015,362.7528381
Current health expenditure per capita (current US$),Belarus,BLR,2016,298.6265869
Current health expenditure per capita (current US$),Belarus,BLR,2017,333.5410767
Current health expenditure per capita (current US$),Belarus,BLR,2018,351.0068054
Current health expenditure per capita (current US$),Belarus,BLR,2019,399.3970947
Current health expenditure per capita (current US$),Belgium,BEL,2000,1849.916016
Current health expenditure per capita (current US$),Belgium,BEL,2001,1879.934814
Current health expenditure per capita (current US$),Belgium,BEL,2002,2084.719971
Current health expenditure per capita (current US$),Belgium,BEL,2004,3326.637207
Current health expenditure per capita (current US$),Belgium,BEL,2003,2828.333496
Current health expenditure per capita (current US$),Belgium,BEL,2005,3419.693115
Current health expenditure per capita (current US$),Belgium,BEL,2006,3558.121338
Current health expenditure per capita (current US$),Belgium,BEL,2007,4078.146973
Current health expenditure per capita (current US$),Belgium,BEL,2008,4670.422852
Current health expenditure per capita (current US$),Belgium,BEL,2009,4653.436523
Current health expenditure per capita (current US$),Belgium,BEL,2010,4544.779785
Current health expenditure per capita (current US$),Belgium,BEL,2011,4943.796875
Current health expenditure per capita (current US$),Belgium,BEL,2012,4706.470215
Current health expenditure per capita (current US$),Belgium,BEL,2013,4947.769531
Current health expenditure per capita (current US$),Belgium,BEL,2014,5072.950684
Current health expenditure per capita (current US$),Belgium,BEL,2015,4291.489746
Current health expenditure per capita (current US$),Belgium,BEL,2016,4534.22998
Current health expenditure per capita (current US$),Belgium,BEL,2017,4775.8125
Current health expenditure per capita (current US$),Belgium,BEL,2018,5134.414551
Current health expenditure per capita (current US$),Belgium,BEL,2019,4960.393555
Current health expenditure per capita (current US$),Bosnia and Herzegovina,BIH,2000,113.3132629
Current health expenditure per capita (current US$),Bosnia and Herzegovina,BIH,2001,112.0685196
Current health expenditure per capita (current US$),Bosnia and Herzegovina,BIH,2002,127.2113953
Current health expenditure per capita (current US$),Bosnia and Herzegovina,BIH,2004,244.5274048
Current health expenditure per capita (current US$),Bosnia and Herzegovina,BIH,2003,180.9941711
Current health expenditure per capita (current US$),Bosnia and Herzegovina,BIH,2005,262.8928223
Current health expenditure per capita (current US$),Bosnia and Herzegovina,BIH,2006,303.5122376
Current health expenditure per capita (current US$),Bosnia and Herzegovina,BIH,2007,388.098999
Current health expenditure per capita (current US$),Bosnia and Herzegovina,BIH,2008,482.9365234
Current health expenditure per capita (current US$),Bosnia and Herzegovina,BIH,2009,425.0511475
Current health expenditure per capita (current US$),Bosnia and Herzegovina,BIH,2010,417.7483215
Current health expenditure per capita (current US$),Bosnia and Herzegovina,BIH,2011,467.0319214
Current health expenditure per capita (current US$),Bosnia and Herzegovina,BIH,2012,452.9765015
Current health expenditure per capita (current US$),Bosnia and Herzegovina,BIH,2013,484.2270203
Current health expenditure per capita (current US$),Bosnia and Herzegovina,BIH,2014,504.7872315
Current health expenditure per capita (current US$),Bosnia and Herzegovina,BIH,2015,442.0378418
Current health expenditure per capita (current US$),Bosnia and Herzegovina,BIH,2016,461.9793396
Current health expenditure per capita (current US$),Bosnia and Herzegovina,BIH,2017,482.1771545
Current health expenditure per capita (current US$),Bosnia and Herzegovina,BIH,2018,539.9100342
Current health expenditure per capita (current US$),Bosnia and Herzegovina,BIH,2019,553.822937
Current health expenditure per capita (current US$),Bulgaria,BGR,2000,94.49745178
Current health expenditure per capita (current US$),Bulgaria,BGR,2001,119.8299789
Current health expenditure per capita (current US$),Bulgaria,BGR,2002,148.1479187
Current health expenditure per capita (current US$),Bulgaria,BGR,2004,233.113327
Current health expenditure per capita (current US$),Bulgaria,BGR,2003,195.7436981
Current health expenditure per capita (current US$),Bulgaria,BGR,2005,267.741394
Current health expenditure per capita (current US$),Bulgaria,BGR,2006,294.1089172
Current health expenditure per capita (current US$),Bulgaria,BGR,2007,361.2349854
Current health expenditure per capita (current US$),Bulgaria,BGR,2008,455.5405884
Current health expenditure per capita (current US$),Bulgaria,BGR,2009,459.3002014
Current health expenditure per capita (current US$),Bulgaria,BGR,2010,484.7522888
Current health expenditure per capita (current US$),Bulgaria,BGR,2011,555.8641968
Current health expenditure per capita (current US$),Bulgaria,BGR,2012,558.6479492
Current health expenditure per capita (current US$),Bulgaria,BGR,2013,547.454834
Current health expenditure per capita (current US$),Bulgaria,BGR,2014,605.2589111
Current health expenditure per capita (current US$),Bulgaria,BGR,2015,521.4190674
Current health expenditure per capita (current US$),Bulgaria,BGR,2016,562.3408203
Current health expenditure per capita (current US$),Bulgaria,BGR,2017,624.5250244
Current health expenditure per capita (current US$),Bulgaria,BGR,2018,689.9053955
Current health expenditure per capita (current US$),Bulgaria,BGR,2019,697.8963623
Current health expenditure per capita (current US$),Croatia,HRV,2000,371.0621338
Current health expenditure per capita (current US$),Croatia,HRV,2001,388.3248901
Current health expenditure per capita (current US$),Croatia,HRV,2002,386.4440918
Current health expenditure per capita (current US$),Croatia,HRV,2004,634.6203003
Current health expenditure per capita (current US$),Croatia,HRV,2003,512.1520996
Current health expenditure per capita (current US$),Croatia,HRV,2005,727.1310425
Current health expenditure per capita (current US$),Croatia,HRV,2006,816.0170288
Current health expenditure per capita (current US$),Croatia,HRV,2007,1041.034424
Current health expenditure per capita (current US$),Croatia,HRV,2008,1258.872437
Current health expenditure per capita (current US$),Croatia,HRV,2009,1187.545288
Current health expenditure per capita (current US$),Croatia,HRV,2010,1126.373657
Current health expenditure per capita (current US$),Croatia,HRV,2011,1132.498901
Current health expenditure per capita (current US$),Croatia,HRV,2012,1029.971191
Current health expenditure per capita (current US$),Croatia,HRV,2013,889.944519
Current health expenditure per capita (current US$),Croatia,HRV,2014,909.3716431
Current health expenditure per capita (current US$),Croatia,HRV,2015,795.520813
Current health expenditure per capita (current US$),Croatia,HRV,2016,840.9050293
Current health expenditure per capita (current US$),Croatia,HRV,2017,902.6252441
Current health expenditure per capita (current US$),Croatia,HRV,2018,1014.222351
Current health expenditure per capita (current US$),Croatia,HRV,2019,1040.085693
Current health expenditure per capita (current US$),Cyprus,CYP,2000,750.5167236
Current health expenditure per capita (current US$),Cyprus,CYP,2001,782.1616211
Current health expenditure per capita (current US$),Cyprus,CYP,2002,890.4829712
Current health expenditure per capita (current US$),Cyprus,CYP,2004,1286.971558
Current health expenditure per capita (current US$),Cyprus,CYP,2003,1145.058472
Current health expenditure per capita (current US$),Cyprus,CYP,2005,1366.01709
Current health expenditure per capita (current US$),Cyprus,CYP,2006,1474.02063
Current health expenditure per capita (current US$),Cyprus,CYP,2007,1694.271851
Current health expenditure per capita (current US$),Cyprus,CYP,2008,2155.246582
Current health expenditure per capita (current US$),Cyprus,CYP,2009,2105.477783
Current health expenditure per capita (current US$),Cyprus,CYP,2010,2045.292358
Current health expenditure per capita (current US$),Cyprus,CYP,2011,2114.668945
Current health expenditure per capita (current US$),Cyprus,CYP,2012,1899.372559
Current health expenditure per capita (current US$),Cyprus,CYP,2013,1916.322632
Current health expenditure per capita (current US$),Cyprus,CYP,2014,1873.891357
Current health expenditure per capita (current US$),Cyprus,CYP,2015,1581.413574
Current health expenditure per capita (current US$),Cyprus,CYP,2016,1634.935547
Current health expenditure per capita (current US$),Cyprus,CYP,2017,1750.507324
Current health expenditure per capita (current US$),Cyprus,CYP,2018,1981.778442
Current health expenditure per capita (current US$),Cyprus,CYP,2019,1996.458252
Current health expenditure per capita (current US$),Czechia,CZE,2000,342.921051
Current health expenditure per capita (current US$),Czechia,CZE,2001,388.5440369
Current health expenditure per capita (current US$),Czechia,CZE,2002,497.7420349
Current health expenditure per capita (current US$),Czechia,CZE,2004,746.3289185
Current health expenditure per capita (current US$),Czechia,CZE,2003,640.6604004
Current health expenditure per capita (current US$),Czechia,CZE,2005,852.6524658
Current health expenditure per capita (current US$),Czechia,CZE,2006,942.118042
Current health expenditure per capita (current US$),Czechia,CZE,2007,1110.176636
Current health expenditure per capita (current US$),Czechia,CZE,2008,1449.336792
Current health expenditure per capita (current US$),Czechia,CZE,2009,1442.242798
Current health expenditure per capita (current US$),Czechia,CZE,2010,1373.931763
Current health expenditure per capita (current US$),Czechia,CZE,2011,1516.55542
Current health expenditure per capita (current US$),Czechia,CZE,2012,1387.406006
Current health expenditure per capita (current US$),Czechia,CZE,2013,1554.509033
Current health expenditure per capita (current US$),Czechia,CZE,2014,1512.926147
Current health expenditure per capita (current US$),Czechia,CZE,2015,1284.046753
Current health expenditure per capita (current US$),Czechia,CZE,2016,1321.620239
Current health expenditure per capita (current US$),Czechia,CZE,2017,1475.915283
Current health expenditure per capita (current US$),Czechia,CZE,2018,1765.588623
Current health expenditure per capita (current US$),Czechia,CZE,2019,1844.217773
Current health expenditure per capita (current US$),Denmark,DNK,2000,2496.047119
Current health expenditure per capita (current US$),Denmark,DNK,2001,2602.642822
Current health expenditure per capita (current US$),Denmark,DNK,2002,2895.807373
Current health expenditure per capita (current US$),Denmark,DNK,2004,4194.873535
Current health expenditure per capita (current US$),Denmark,DNK,2003,3607.042969
Current health expenditure per capita (current US$),Denmark,DNK,2005,4442.755371
Current health expenditure per capita (current US$),Denmark,DNK,2006,4778.891602
Current health expenditure per capita (current US$),Denmark,DNK,2007,5468.379395
Current health expenditure per capita (current US$),Denmark,DNK,2008,6137.776367
Current health expenditure per capita (current US$),Denmark,DNK,2009,6221.688965
Current health expenditure per capita (current US$),Denmark,DNK,2010,6011.538086
Current health expenditure per capita (current US$),Denmark,DNK,2011,6281.004395
Current health expenditure per capita (current US$),Denmark,DNK,2012,6003.830566
Current health expenditure per capita (current US$),Denmark,DNK,2013,6236.554199
Current health expenditure per capita (current US$),Denmark,DNK,2014,6380.784668
Current health expenditure per capita (current US$),Denmark,DNK,2015,5469.334961
Current health expenditure per capita (current US$),Denmark,DNK,2016,5565.593262
Current health expenditure per capita (current US$),Denmark,DNK,2017,5800.152832
Current health expenditure per capita (current US$),Denmark,DNK,2018,6216.768555
Current health expenditure per capita (current US$),Denmark,DNK,2019,6003.325195
Current health expenditure per capita (current US$),Estonia,EST,2000,209.7131348
Current health expenditure per capita (current US$),Estonia,EST,2001,214.7041473
Current health expenditure per capita (current US$),Estonia,EST,2002,250.4802094
Current health expenditure per capita (current US$),Estonia,EST,2004,455.0681152
Current health expenditure per capita (current US$),Estonia,EST,2003,349.0580444
Current health expenditure per capita (current US$),Estonia,EST,2005,524.6801148
Current health expenditure per capita (current US$),Estonia,EST,2006,600.5078735
Current health expenditure per capita (current US$),Estonia,EST,2007,832.7330933
Current health expenditure per capita (current US$),Estonia,EST,2008,1038.562256
Current health expenditure per capita (current US$),Estonia,EST,2009,963.0196533
Current health expenditure per capita (current US$),Estonia,EST,2010,926.4541626
Current health expenditure per capita (current US$),Estonia,EST,2011,1015.968262
Current health expenditure per capita (current US$),Estonia,EST,2012,1013.314209
Current health expenditure per capita (current US$),Estonia,EST,2013,1144.646851
Current health expenditure per capita (current US$),Estonia,EST,2014,1238.927002
Current health expenditure per capita (current US$),Estonia,EST,2015,1112.914063
Current health expenditure per capita (current US$),Estonia,EST,2016,1186.102783
Current health expenditure per capita (current US$),Estonia,EST,2017,1350.380615
Current health expenditure per capita (current US$),Estonia,EST,2018,1552.632446
Current health expenditure per capita (current US$),Estonia,EST,2019,1598.818848
Current health expenditure per capita (current US$),Finland,FIN,2000,1722.832642
Current health expenditure per capita (current US$),Finland,FIN,2001,1806.050171
Current health expenditure per capita (current US$),Finland,FIN,2002,2054.262939
Current health expenditure per capita (current US$),Finland,FIN,2004,3035.97876
Current health expenditure per capita (current US$),Finland,FIN,2003,2606.775879
Current health expenditure per capita (current US$),Finland,FIN,2005,3228.952148
Current health expenditure per capita (current US$),Finland,FIN,2006,3407.665527
Current health expenditure per capita (current US$),Finland,FIN,2007,3911.96582
Current health expenditure per capita (current US$),Finland,FIN,2008,4481.216797
Current health expenditure per capita (current US$),Finland,FIN,2009,4347.121582
Current health expenditure per capita (current US$),Finland,FIN,2010,4249.602051
Current health expenditure per capita (current US$),Finland,FIN,2011,4715.935059
Current health expenditure per capita (current US$),Finland,FIN,2012,4572.523438
Current health expenditure per capita (current US$),Finland,FIN,2013,4892.097168
Current health expenditure per capita (current US$),Finland,FIN,2014,4922.675781
Current health expenditure per capita (current US$),Finland,FIN,2015,4127.149902
Current health expenditure per capita (current US$),Finland,FIN,2016,4107.062988
Current health expenditure per capita (current US$),Finland,FIN,2017,4233.468262
Current health expenditure per capita (current US$),Finland,FIN,2018,4515.677246
Current health expenditure per capita (current US$),Finland,FIN,2019,4450.302734
Current health expenditure per capita (current US$),France,FRA,2000,2161.853027
Current health expenditure per capita (current US$),France,FRA,2001,2192.71582
Current health expenditure per capita (current US$),France,FRA,2002,2449.758301
Current health expenditure per capita (current US$),France,FRA,2004,3458.627441
Current health expenditure per capita (current US$),France,FRA,2003,3006.305908
Current health expenditure per capita (current US$),France,FRA,2005,3575.025146
Current health expenditure per capita (current US$),France,FRA,2006,3811.551758
Current health expenditure per capita (current US$),France,FRA,2007,4312.310547
Current health expenditure per capita (current US$),France,FRA,2008,4807.374512
Current health expenditure per capita (current US$),France,FRA,2009,4737.578125
Current health expenditure per capita (current US$),France,FRA,2010,4592.383301
Current health expenditure per capita (current US$),France,FRA,2011,4931.87793
Current health expenditure per capita (current US$),France,FRA,2012,4644.595703
Current health expenditure per capita (current US$),France,FRA,2013,4893.476074
Current health expenditure per capita (current US$),France,FRA,2014,4982.991211
Current health expenditure per capita (current US$),France,FRA,2015,4201.555664
Current health expenditure per capita (current US$),France,FRA,2016,4257.149902
Current health expenditure per capita (current US$),France,FRA,2017,4402.07959
Current health expenditure per capita (current US$),France,FRA,2018,4657.75293
Current health expenditure per capita (current US$),France,FRA,2019,4491.735352
Current health expenditure per capita (current US$),Georgia,GEO,2000,51.85281754
Current health expenditure per capita (current US$),Georgia,GEO,2001,55.22227478
Current health expenditure per capita (current US$),Georgia,GEO,2002,64.06044006
Current health expenditure per capita (current US$),Georgia,GEO,2004,100.874176
Current health expenditure per capita (current US$),Georgia,GEO,2003,77.73462677
Current health expenditure per capita (current US$),Georgia,GEO,2005,126.4450836
Current health expenditure per capita (current US$),Georgia,GEO,2006,145.0523071
Current health expenditure per capita (current US$),Georgia,GEO,2007,186.6177826
Current health expenditure per capita (current US$),Georgia,GEO,2008,268.1403503
Current health expenditure per capita (current US$),Georgia,GEO,2009,257.0617676
Current health expenditure per capita (current US$),Georgia,GEO,2010,271.0166626
Current health expenditure per capita (current US$),Georgia,GEO,2011,296.6886902
Current health expenditure per capita (current US$),Georgia,GEO,2012,326.4760742
Current health expenditure per capita (current US$),Georgia,GEO,2013,334.6890564
Current health expenditure per capita (current US$),Georgia,GEO,2014,345.2559815
Current health expenditure per capita (current US$),Georgia,GEO,2015,275.8408203
Current health expenditure per capita (current US$),Georgia,GEO,2016,301.5457764
Current health expenditure per capita (current US$),Georgia,GEO,2017,285.9877014
Current health expenditure per capita (current US$),Georgia,GEO,2018,312.7469177
Current health expenditure per capita (current US$),Georgia,GEO,2019,291.1220398
Current health expenditure per capita (current US$),Germany,DEU,2000,2344.354736
Current health expenditure per capita (current US$),Germany,DEU,2001,2346.61499
Current health expenditure per capita (current US$),Germany,DEU,2002,2567.50293
Current health expenditure per capita (current US$),Germany,DEU,2004,3459.824951
Current health expenditure per capita (current US$),Germany,DEU,2003,3152.794189
Current health expenditure per capita (current US$),Germany,DEU,2005,3558.213379
Current health expenditure per capita (current US$),Germany,DEU,2006,3697.921631
Current health expenditure per capita (current US$),Germany,DEU,2007,4182.799316
Current health expenditure per capita (current US$),Germany,DEU,2008,4669.65332
Current health expenditure per capita (current US$),Germany,DEU,2009,4674.783203
Current health expenditure per capita (current US$),Germany,DEU,2010,4611.275879
Current health expenditure per capita (current US$),Germany,DEU,2011,5037.370117
Current health expenditure per capita (current US$),Germany,DEU,2012,4765.583008
Current health expenditure per capita (current US$),Germany,DEU,2013,5099.641113
Current health expenditure per capita (current US$),Germany,DEU,2014,5307.082031
Current health expenditure per capita (current US$),Germany,DEU,2015,4624.556641
Current health expenditure per capita (current US$),Germany,DEU,2016,4744.229492
Current health expenditure per capita (current US$),Germany,DEU,2017,5055.821289
Current health expenditure per capita (current US$),Germany,DEU,2018,5481.987305
Current health expenditure per capita (current US$),Germany,DEU,2019,5440.251465
Current health expenditure per capita (current US$),Greece,GRC,2000,885.4104004
Current health expenditure per capita (current US$),Greece,GRC,2001,1004.81543
Current health expenditure per capita (current US$),Greece,GRC,2002,1168.824097
Current health expenditure per capita (current US$),Greece,GRC,2004,1782.695923
Current health expenditure per capita (current US$),Greece,GRC,2003,1566.40979
Current health expenditure per capita (current US$),Greece,GRC,2005,1935.267578
Current health expenditure per capita (current US$),Greece,GRC,2006,2052.875488
Current health expenditure per capita (current US$),Greece,GRC,2007,2426.759521
Current health expenditure per capita (current US$),Greece,GRC,2008,2840.508545
Current health expenditure per capita (current US$),Greece,GRC,2009,2809.05957
Current health expenditure per capita (current US$),Greece,GRC,2010,2564.369385
Current health expenditure per capita (current US$),Greece,GRC,2011,2338.915039
Current health expenditure per capita (current US$),Greece,GRC,2012,1948.248535
Current health expenditure per capita (current US$),Greece,GRC,2013,1813.87793
Current health expenditure per capita (current US$),Greece,GRC,2014,1705.114502
Current health expenditure per capita (current US$),Greece,GRC,2015,1452.052002
Current health expenditure per capita (current US$),Greece,GRC,2016,1488.19812
Current health expenditure per capita (current US$),Greece,GRC,2017,1505.945923
Current health expenditure per capita (current US$),Greece,GRC,2018,1572.684204
Current health expenditure per capita (current US$),Greece,GRC,2019,1500.594971
Current health expenditure per capita (current US$),Hungary,HUN,2000,313.1085815
Current health expenditure per capita (current US$),Hungary,HUN,2001,359.6974793
Current health expenditure per capita (current US$),Hungary,HUN,2002,473.1278381
Current health expenditure per capita (current US$),Hungary,HUN,2004,798.4536133
Current health expenditure per capita (current US$),Hungary,HUN,2003,682.8656616
Current health expenditure per capita (current US$),Hungary,HUN,2005,895.2033081
Current health expenditure per capita (current US$),Hungary,HUN,2006,893.2030029
Current health expenditure per capita (current US$),Hungary,HUN,2007,1003.258179
Current health expenditure per capita (current US$),Hungary,HUN,2008,1117.202271
Current health expenditure per capita (current US$),Hungary,HUN,2009,943.6876831
Current health expenditure per capita (current US$),Hungary,HUN,2010,983.1108398
Current health expenditure per capita (current US$),Hungary,HUN,2011,1063.432251
Current health expenditure per capita (current US$),Hungary,HUN,2012,961.1383667
Current health expenditure per capita (current US$),Hungary,HUN,2013,990.6311646
Current health expenditure per capita (current US$),Hungary,HUN,2014,1006.156494
Current health expenditure per capita (current US$),Hungary,HUN,2015,870.5194092
Current health expenditure per capita (current US$),Hungary,HUN,2016,914.1935425
Current health expenditure per capita (current US$),Hungary,HUN,2017,985.7990112
Current health expenditure per capita (current US$),Hungary,HUN,2018,1074.017578
Current health expenditure per capita (current US$),Hungary,HUN,2019,1062.394165
Current health expenditure per capita (current US$),Iceland,ISL,2000,2873.848145
Current health expenditure per capita (current US$),Iceland,ISL,2001,2557.269531
Current health expenditure per capita (current US$),Iceland,ISL,2002,3091.28833
Current health expenditure per capita (current US$),Iceland,ISL,2004,4430.375
Current health expenditure per capita (current US$),Iceland,ISL,2003,3861.736084
Current health expenditure per capita (current US$),Iceland,ISL,2005,5111.64209
Current health expenditure per capita (current US$),Iceland,ISL,2006,4986.397949
Current health expenditure per capita (current US$),Iceland,ISL,2007,5926.807129
Current health expenditure per capita (current US$),Iceland,ISL,2008,4851.421387
Current health expenditure per capita (current US$),Iceland,ISL,2009,3652.208496
Current health expenditure per capita (current US$),Iceland,ISL,2010,3589.555664
Current health expenditure per capita (current US$),Iceland,ISL,2011,3860.030029
Current health expenditure per capita (current US$),Iceland,ISL,2012,3705.946045
Current health expenditure per capita (current US$),Iceland,ISL,2013,4029.233154
Current health expenditure per capita (current US$),Iceland,ISL,2014,4474.549316
Current health expenditure per capita (current US$),Iceland,ISL,2015,4280.490723
Current health expenditure per capita (current US$),Iceland,ISL,2016,5068.100098
Current health expenditure per capita (current US$),Iceland,ISL,2017,6144.546387
Current health expenditure per capita (current US$),Iceland,ISL,2018,6565.879395
Current health expenditure per capita (current US$),Iceland,ISL,2019,6274.959473
Current health expenditure per capita (current US$),Ireland,IRL,2000,1564.837402
Current health expenditure per capita (current US$),Ireland,IRL,2001,1823.734741
Current health expenditure per capita (current US$),Ireland,IRL,2002,2200.357422
Current health expenditure per capita (current US$),Ireland,IRL,2004,3483.160645
Current health expenditure per capita (current US$),Ireland,IRL,2003,2910.932129
Current health expenditure per capita (current US$),Ireland,IRL,2005,3938.191162
Current health expenditure per capita (current US$),Ireland,IRL,2006,4147.132324
Current health expenditure per capita (current US$),Ireland,IRL,2007,4858.64502
Current health expenditure per capita (current US$),Ireland,IRL,2008,5638.779297
Current health expenditure per capita (current US$),Ireland,IRL,2009,5502.887695
Current health expenditure per capita (current US$),Ireland,IRL,2010,5133.455078
Current health expenditure per capita (current US$),Ireland,IRL,2011,5558.296875
Current health expenditure per capita (current US$),Ireland,IRL,2012,5222.044922
Current health expenditure per capita (current US$),Ireland,IRL,2013,5328.579102
Current health expenditure per capita (current US$),Ireland,IRL,2014,5329.980469
Current health expenditure per capita (current US$),Ireland,IRL,2015,4561.38916
Current health expenditure per capita (current US$),Ireland,IRL,2016,4709.168457
Current health expenditure per capita (current US$),Ireland,IRL,2017,5010.256348
Current health expenditure per capita (current US$),Ireland,IRL,2018,5484.221191
Current health expenditure per capita (current US$),Ireland,IRL,2019,5428.588867
Current health expenditure per capita (current US$),Italy,ITA,2000,1524.239624
Current health expenditure per capita (current US$),Italy,ITA,2001,1586.657104
Current health expenditure per capita (current US$),Italy,ITA,2002,1762.537598
Current health expenditure per capita (current US$),Italy,ITA,2004,2565.627441
Current health expenditure per capita (current US$),Italy,ITA,2003,2163.025391
Current health expenditure per capita (current US$),Italy,ITA,2005,2677.552246
Current health expenditure per capita (current US$),Italy,ITA,2006,2832.697754
Current health expenditure per capita (current US$),Italy,ITA,2007,3092.558838
Current health expenditure per capita (current US$),Italy,ITA,2008,3504.111572
Current health expenditure per capita (current US$),Italy,ITA,2009,3337.750732
Current health expenditure per capita (current US$),Italy,ITA,2010,3217.682861
Current health expenditure per capita (current US$),Italy,ITA,2011,3392.012695
Current health expenditure per capita (current US$),Italy,ITA,2012,3086.303223
Current health expenditure per capita (current US$),Italy,ITA,2013,3149.242676
Current health expenditure per capita (current US$),Italy,ITA,2014,3154.275879
Current health expenditure per capita (current US$),Italy,ITA,2015,2675.671631
Current health expenditure per capita (current US$),Italy,ITA,2016,2699.73291
Current health expenditure per capita (current US$),Italy,ITA,2017,2809.721436
Current health expenditure per capita (current US$),Italy,ITA,2018,3000.710938
Current health expenditure per capita (current US$),Italy,ITA,2019,2905.5
Current health expenditure per capita (current US$),Latvia,LVA,2000,181.5707245
Current health expenditure per capita (current US$),Latvia,LVA,2001,205.0204773
Current health expenditure per capita (current US$),Latvia,LVA,2002,237.295166
Current health expenditure per capita (current US$),Latvia,LVA,2004,393.2980652
Current health expenditure per capita (current US$),Latvia,LVA,2003,280.5087891
Current health expenditure per capita (current US$),Latvia,LVA,2005,440.8097534
Current health expenditure per capita (current US$),Latvia,LVA,2006,552.3015747
Current health expenditure per capita (current US$),Latvia,LVA,2007,775.1915283
Current health expenditure per capita (current US$),Latvia,LVA,2008,913.5214844
Current health expenditure per capita (current US$),Latvia,LVA,2009,744.6616211
Current health expenditure per capita (current US$),Latvia,LVA,2010,689.0772095
Current health expenditure per capita (current US$),Latvia,LVA,2011,764.5917358
Current health expenditure per capita (current US$),Latvia,LVA,2012,745.5174561
Current health expenditure per capita (current US$),Latvia,LVA,2013,807.1300049
Current health expenditure per capita (current US$),Latvia,LVA,2014,856.7665405
Current health expenditure per capita (current US$),Latvia,LVA,2015,775.8643189
Current health expenditure per capita (current US$),Latvia,LVA,2016,874.7977295
Current health expenditure per capita (current US$),Latvia,LVA,2017,932.5015869
Current health expenditure per capita (current US$),Latvia,LVA,2018,1101.492554
Current health expenditure per capita (current US$),Latvia,LVA,2019,1166.797852
Current health expenditure per capita (current US$),Lithuania,LTU,2000,217.1761322
Current health expenditure per capita (current US$),Lithuania,LTU,2001,218.8180237
Current health expenditure per capita (current US$),Lithuania,LTU,2002,254.3668823
Current health expenditure per capita (current US$),Lithuania,LTU,2004,366.9596863
Current health expenditure per capita (current US$),Lithuania,LTU,2003,338.8630676
Current health expenditure per capita (current US$),Lithuania,LTU,2005,438.9326782
Current health expenditure per capita (current US$),Lithuania,LTU,2006,536.0573731
Current health expenditure per capita (current US$),Lithuania,LTU,2007,704.2931519
Current health expenditure per capita (current US$),Lithuania,LTU,2008,936.5093384
Current health expenditure per capita (current US$),Lithuania,LTU,2009,864.7363892
Current health expenditure per capita (current US$),Lithuania,LTU,2010,805.2244873
Current health expenditure per capita (current US$),Lithuania,LTU,2011,925.4716187
Current health expenditure per capita (current US$),Lithuania,LTU,2012,896.9370728
Current health expenditure per capita (current US$),Lithuania,LTU,2013,958.9271851
Current health expenditure per capita (current US$),Lithuania,LTU,2014,1021.232971
Current health expenditure per capita (current US$),Lithuania,LTU,2015,920.1997681
Current health expenditure per capita (current US$),Lithuania,LTU,2016,988.5279541
Current health expenditure per capita (current US$),Lithuania,LTU,2017,1083.303345
Current health expenditure per capita (current US$),Lithuania,LTU,2018,1249.031006
Current health expenditure per capita (current US$),Lithuania,LTU,2019,1369.979492
Current health expenditure per capita (current US$),Luxembourg,LUX,2000,2901.199951
Current health expenditure per capita (current US$),Luxembourg,LUX,2001,3109.201416
Current health expenditure per capita (current US$),Luxembourg,LUX,2002,3600.867432
Current health expenditure per capita (current US$),Luxembourg,LUX,2004,5610.353516
Current health expenditure per capita (current US$),Luxembourg,LUX,2003,4607.402832
Current health expenditure per capita (current US$),Luxembourg,LUX,2005,5818.145996
Current health expenditure per capita (current US$),Luxembourg,LUX,2006,6070.73584
Current health expenditure per capita (current US$),Luxembourg,LUX,2007,6671.265137
Current health expenditure per capita (current US$),Luxembourg,LUX,2008,7578.749512
Current health expenditure per capita (current US$),Luxembourg,LUX,2009,7670.59375
Current health expenditure per capita (current US$),Luxembourg,LUX,2010,7459.835449
Current health expenditure per capita (current US$),Luxembourg,LUX,2011,7174.739258
Current health expenditure per capita (current US$),Luxembourg,LUX,2012,6029.475098
Current health expenditure per capita (current US$),Luxembourg,LUX,2013,6356.644531
Current health expenditure per capita (current US$),Luxembourg,LUX,2014,6547.034668
Current health expenditure per capita (current US$),Luxembourg,LUX,2015,5421.932129
Current health expenditure per capita (current US$),Luxembourg,LUX,2016,5475.139648
Current health expenditure per capita (current US$),Luxembourg,LUX,2017,5713.118652
Current health expenditure per capita (current US$),Luxembourg,LUX,2018,6227.083984
Current health expenditure per capita (current US$),Luxembourg,LUX,2019,6220.741211
Current health expenditure per capita (current US$),Moldova,MDA,2000,21.37988472
Current health expenditure per capita (current US$),Moldova,MDA,2001,25.39859009
Current health expenditure per capita (current US$),Moldova,MDA,2002,33.9242363
Current health expenditure per capita (current US$),Moldova,MDA,2004,64.60714722
Current health expenditure per capita (current US$),Moldova,MDA,2003,38.43836975
Current health expenditure per capita (current US$),Moldova,MDA,2005,79.33213043
Current health expenditure per capita (current US$),Moldova,MDA,2006,100.1081619
Current health expenditure per capita (current US$),Moldova,MDA,2007,135.4436646
Current health expenditure per capita (current US$),Moldova,MDA,2008,185.5611572
Current health expenditure per capita (current US$),Moldova,MDA,2009,208.5300446
Current health expenditure per capita (current US$),Moldova,MDA,2010,198.2889404
Current health expenditure per capita (current US$),Moldova,MDA,2011,214.9824677
Current health expenditure per capita (current US$),Moldova,MDA,2012,223.6189575
Current health expenditure per capita (current US$),Moldova,MDA,2013,231.6622925
Current health expenditure per capita (current US$),Moldova,MDA,2014,230.7698212
Current health expenditure per capita (current US$),Moldova,MDA,2015,186.4364319
Current health expenditure per capita (current US$),Moldova,MDA,2016,171.1847687
Current health expenditure per capita (current US$),Moldova,MDA,2017,243.9454041
Current health expenditure per capita (current US$),Moldova,MDA,2018,276.4714356
Current health expenditure per capita (current US$),Moldova,MDA,2019,284.3071289
Current health expenditure per capita (current US$),Monaco,MCO,2000,1408.094238
Current health expenditure per capita (current US$),Monaco,MCO,2001,1431.133911
Current health expenditure per capita (current US$),Monaco,MCO,2002,1560.809448
Current health expenditure per capita (current US$),Monaco,MCO,2004,2570.476807
Current health expenditure per capita (current US$),Monaco,MCO,2003,2214.794922
Current health expenditure per capita (current US$),Monaco,MCO,2005,2628.361084
Current health expenditure per capita (current US$),Monaco,MCO,2006,2706.862793
Current health expenditure per capita (current US$),Monaco,MCO,2007,3039.256592
Current health expenditure per capita (current US$),Monaco,MCO,2008,3573.772705
Current health expenditure per capita (current US$),Monaco,MCO,2009,3523.403564
Current health expenditure per capita (current US$),Monaco,MCO,2010,3509.566162
Current health expenditure per capita (current US$),Monaco,MCO,2011,3677.650635
Current health expenditure per capita (current US$),Monaco,MCO,2012,3520.154541
Current health expenditure per capita (current US$),Monaco,MCO,2013,3818.140137
Current health expenditure per capita (current US$),Monaco,MCO,2014,3947.679199
Current health expenditure per capita (current US$),Monaco,MCO,2015,3366.150146
Current health expenditure per capita (current US$),Monaco,MCO,2016,2765.32959
Current health expenditure per capita (current US$),Monaco,MCO,2017,2751.866943
Current health expenditure per capita (current US$),Monaco,MCO,2018,2968.849121
Current health expenditure per capita (current US$),Monaco,MCO,2019,2905.84375
Current health expenditure per capita (current US$),Montenegro,MNE,2000,0
Current health expenditure per capita (current US$),Montenegro,MNE,2001,0
Current health expenditure per capita (current US$),Montenegro,MNE,2002,0
Current health expenditure per capita (current US$),Montenegro,MNE,2004,0
Current health expenditure per capita (current US$),Montenegro,MNE,2003,0
Current health expenditure per capita (current US$),Montenegro,MNE,2005,0
Current health expenditure per capita (current US$),Montenegro,MNE,2006,0
Current health expenditure per capita (current US$),Montenegro,MNE,2007,0
Current health expenditure per capita (current US$),Montenegro,MNE,2008,0
Current health expenditure per capita (current US$),Montenegro,MNE,2009,0
Current health expenditure per capita (current US$),Montenegro,MNE,2010,0
Current health expenditure per capita (current US$),Montenegro,MNE,2011,578.4375
Current health expenditure per capita (current US$),Montenegro,MNE,2012,541.6729736
Current health expenditure per capita (current US$),Montenegro,MNE,2013,603.7141113
Current health expenditure per capita (current US$),Montenegro,MNE,2014,585.7900391
Current health expenditure per capita (current US$),Montenegro,MNE,2015,583.2915039
Current health expenditure per capita (current US$),Montenegro,MNE,2016,601.9786987
Current health expenditure per capita (current US$),Montenegro,MNE,2017,616.2849121
Current health expenditure per capita (current US$),Montenegro,MNE,2018,731.4810791
Current health expenditure per capita (current US$),Montenegro,MNE,2019,735.1588745
Current health expenditure per capita (current US$),Netherlands,NLD,2000,2028.159912
Current health expenditure per capita (current US$),Netherlands,NLD,2001,2175.732666
Current health expenditure per capita (current US$),Netherlands,NLD,2002,2544.809082
Current health expenditure per capita (current US$),Netherlands,NLD,2004,3689.429932
Current health expenditure per capita (current US$),Netherlands,NLD,2003,3244.355713
Current health expenditure per capita (current US$),Netherlands,NLD,2005,3823.501465
Current health expenditure per capita (current US$),Netherlands,NLD,2006,4080.232422
Current health expenditure per capita (current US$),Netherlands,NLD,2007,4696.138184
Current health expenditure per capita (current US$),Netherlands,NLD,2008,5382.472168
Current health expenditure per capita (current US$),Netherlands,NLD,2009,5282.73584
Current health expenditure per capita (current US$),Netherlands,NLD,2010,5191.728027
Current health expenditure per capita (current US$),Netherlands,NLD,2011,5562.096191
Current health expenditure per capita (current US$),Netherlands,NLD,2012,5284.686523
Current health expenditure per capita (current US$),Netherlands,NLD,2013,5532.687012
Current health expenditure per capita (current US$),Netherlands,NLD,2014,5601.902344
Current health expenditure per capita (current US$),Netherlands,NLD,2015,4676.562012
Current health expenditure per capita (current US$),Netherlands,NLD,2016,4753.674316
Current health expenditure per capita (current US$),Netherlands,NLD,2017,4934.575195
Current health expenditure per capita (current US$),Netherlands,NLD,2018,5336.984375
Current health expenditure per capita (current US$),Netherlands,NLD,2019,5335.30127
Current health expenditure per capita (current US$),North Macedonia,MKD,2000,164.4736481
Current health expenditure per capita (current US$),North Macedonia,MKD,2001,152.1587219
Current health expenditure per capita (current US$),North Macedonia,MKD,2002,175.036026
Current health expenditure per capita (current US$),North Macedonia,MKD,2004,233.9918213
Current health expenditure per capita (current US$),North Macedonia,MKD,2003,217.2165527
Current health expenditure per capita (current US$),North Macedonia,MKD,2005,233.1067352
Current health expenditure per capita (current US$),North Macedonia,MKD,2006,245.6707306
Current health expenditure per capita (current US$),North Macedonia,MKD,2007,265.3627014
Current health expenditure per capita (current US$),North Macedonia,MKD,2008,314.1453247
Current health expenditure per capita (current US$),North Macedonia,MKD,2009,296.6654053
Current health expenditure per capita (current US$),North Macedonia,MKD,2010,305.2322998
Current health expenditure per capita (current US$),North Macedonia,MKD,2011,329.9504395
Current health expenditure per capita (current US$),North Macedonia,MKD,2012,310.7749939
Current health expenditure per capita (current US$),North Macedonia,MKD,2013,350.2098999
Current health expenditure per capita (current US$),North Macedonia,MKD,2014,343.8786621
Current health expenditure per capita (current US$),North Macedonia,MKD,2015,306.9151001
Current health expenditure per capita (current US$),North Macedonia,MKD,2016,327.4913635
Current health expenditure per capita (current US$),North Macedonia,MKD,2017,358.3068848
Current health expenditure per capita (current US$),North Macedonia,MKD,2018,399.0970764
Current health expenditure per capita (current US$),North Macedonia,MKD,2019,436.8871765
Current health expenditure per capita (current US$),Norway,NOR,2000,2948.931641
Current health expenditure per capita (current US$),Norway,NOR,2001,3099.003418
Current health expenditure per capita (current US$),Norway,NOR,2002,3889.959473
Current health expenditure per capita (current US$),Norway,NOR,2004,5097.344238
Current health expenditure per capita (current US$),Norway,NOR,2003,4632.568359
Current health expenditure per capita (current US$),Norway,NOR,2005,5584.689453
Current health expenditure per capita (current US$),Norway,NOR,2006,5892.987305
Current health expenditure per capita (current US$),Norway,NOR,2007,6895.560547
Current health expenditure per capita (current US$),Norway,NOR,2008,7768.050293
Current health expenditure per capita (current US$),Norway,NOR,2009,7301.959961
Current health expenditure per capita (current US$),Norway,NOR,2010,7859.516113
Current health expenditure per capita (current US$),Norway,NOR,2011,8900.37207
Current health expenditure per capita (current US$),Norway,NOR,2012,8970.120117
Current health expenditure per capita (current US$),Norway,NOR,2013,9241.265625
Current health expenditure per capita (current US$),Norway,NOR,2014,9118.317383
Current health expenditure per capita (current US$),Norway,NOR,2015,7565.549805
Current health expenditure per capita (current US$),Norway,NOR,2016,7496.768555
Current health expenditure per capita (current US$),Norway,NOR,2017,7815.786621
Current health expenditure per capita (current US$),Norway,NOR,2018,8271.858398
Current health expenditure per capita (current US$),Norway,NOR,2019,8007.397949
Current health expenditure per capita (current US$),Poland,POL,2000,238.0044861
Current health expenditure per capita (current US$),Poland,POL,2001,282.8210449
Current health expenditure per capita (current US$),Poland,POL,2002,315.8314514
Current health expenditure per capita (current US$),Poland,POL,2004,392.0033875
Current health expenditure per capita (current US$),Poland,POL,2003,339.3352051
Current health expenditure per capita (current US$),Poland,POL,2005,465.7001953
Current health expenditure per capita (current US$),Poland,POL,2006,524.0974731
Current health expenditure per capita (current US$),Poland,POL,2007,660.9246826
Current health expenditure per capita (current US$),Poland,POL,2008,892.5968628
Current health expenditure per capita (current US$),Poland,POL,2009,759.6057739
Current health expenditure per capita (current US$),Poland,POL,2010,809.1994019
Current health expenditure per capita (current US$),Poland,POL,2011,866.0946655
Current health expenditure per capita (current US$),Poland,POL,2012,815.1418457
Current health expenditure per capita (current US$),Poland,POL,2013,878.088501
Current health expenditure per capita (current US$),Poland,POL,2014,911.2981567
Current health expenditure per capita (current US$),Poland,POL,2015,803.9596558
Current health expenditure per capita (current US$),Poland,POL,2016,813.4727783
Current health expenditure per capita (current US$),Poland,POL,2017,909.578186
Current health expenditure per capita (current US$),Poland,POL,2018,978.7356567
Current health expenditure per capita (current US$),Poland,POL,2019,1014.038208
Current health expenditure per capita (current US$),Portugal,PRT,2000,995.3421021
Current health expenditure per capita (current US$),Portugal,PRT,2001,1015.549683
Current health expenditure per capita (current US$),Portugal,PRT,2002,1139.402954
Current health expenditure per capita (current US$),Portugal,PRT,2004,1723.744019
Current health expenditure per capita (current US$),Portugal,PRT,2003,1443.37793
Current health expenditure per capita (current US$),Portugal,PRT,2005,1814.354492
Current health expenditure per capita (current US$),Portugal,PRT,2006,1857.645142
Current health expenditure per capita (current US$),Portugal,PRT,2007,2112.528809
Current health expenditure per capita (current US$),Portugal,PRT,2008,2391.981201
Current health expenditure per capita (current US$),Portugal,PRT,2009,2346.541992
Current health expenditure per capita (current US$),Portugal,PRT,2010,2259.303711
Current health expenditure per capita (current US$),Portugal,PRT,2011,2255.969238
Current health expenditure per capita (current US$),Portugal,PRT,2012,1980.018677
Current health expenditure per capita (current US$),Portugal,PRT,2013,2030.630127
Current health expenditure per capita (current US$),Portugal,PRT,2014,2059.926514
Current health expenditure per capita (current US$),Portugal,PRT,2015,1790.534058
Current health expenditure per capita (current US$),Portugal,PRT,2016,1875.242188
Current health expenditure per capita (current US$),Portugal,PRT,2017,1998.064697
Current health expenditure per capita (current US$),Portugal,PRT,2018,2216.306641
Current health expenditure per capita (current US$),Portugal,PRT,2019,2221.439209
Current health expenditure per capita (current US$),Romania,ROU,2000,69.89345551
Current health expenditure per capita (current US$),Romania,ROU,2001,78.8175354
Current health expenditure per capita (current US$),Romania,ROU,2002,96.57698822
Current health expenditure per capita (current US$),Romania,ROU,2004,190.7950592
Current health expenditure per capita (current US$),Romania,ROU,2003,143.5455322
Current health expenditure per capita (current US$),Romania,ROU,2005,254.5296173
Current health expenditure per capita (current US$),Romania,ROU,2006,291.0040894
Current health expenditure per capita (current US$),Romania,ROU,2007,415.0679016
Current health expenditure per capita (current US$),Romania,ROU,2008,521.3156128
Current health expenditure per capita (current US$),Romania,ROU,2009,449.3769226
Current health expenditure per capita (current US$),Romania,ROU,2010,472.2075195
Current health expenditure per capita (current US$),Romania,ROU,2011,426.5997315
Current health expenditure per capita (current US$),Romania,ROU,2012,401.671051
Current health expenditure per capita (current US$),Romania,ROU,2013,495.2362366
Current health expenditure per capita (current US$),Romania,ROU,2014,503.3475342
Current health expenditure per capita (current US$),Romania,ROU,2015,442.240387
Current health expenditure per capita (current US$),Romania,ROU,2016,476.2450562
Current health expenditure per capita (current US$),Romania,ROU,2017,555.1130981
Current health expenditure per capita (current US$),Romania,ROU,2018,687.1541138
Current health expenditure per capita (current US$),Romania,ROU,2019,738.5581665
Current health expenditure per capita (current US$),Russian Federation,RUS,2000,95.4120636
Current health expenditure per capita (current US$),Russian Federation,RUS,2001,118.1094894
Current health expenditure per capita (current US$),Russian Federation,RUS,2002,140.7553864
Current health expenditure per capita (current US$),Russian Federation,RUS,2004,209.1970978
Current health expenditure per capita (current US$),Russian Federation,RUS,2003,164.6477356
Current health expenditure per capita (current US$),Russian Federation,RUS,2005,271.884613
Current health expenditure per capita (current US$),Russian Federation,RUS,2006,352.5519409
Current health expenditure per capita (current US$),Russian Federation,RUS,2007,461.5053101
Current health expenditure per capita (current US$),Russian Federation,RUS,2008,609.1602173
Current health expenditure per capita (current US$),Russian Federation,RUS,2009,515.8544922
Current health expenditure per capita (current US$),Russian Federation,RUS,2010,566.0908814
Current health expenditure per capita (current US$),Russian Federation,RUS,2011,682.6605835
Current health expenditure per capita (current US$),Russian Federation,RUS,2012,757.0445557
Current health expenditure per capita (current US$),Russian Federation,RUS,2013,807.0765381
Current health expenditure per capita (current US$),Russian Federation,RUS,2014,737.649231
Current health expenditure per capita (current US$),Russian Federation,RUS,2015,498.0559692
Current health expenditure per capita (current US$),Russian Federation,RUS,2016,464.8977661
Current health expenditure per capita (current US$),Russian Federation,RUS,2017,579.6721802
Current health expenditure per capita (current US$),Russian Federation,RUS,2018,609.0091553
Current health expenditure per capita (current US$),Russian Federation,RUS,2019,653.4172363
Current health expenditure per capita (current US$),San Marino,SMR,2000,2141.73999
Current health expenditure per capita (current US$),San Marino,SMR,2001,2168.833252
Current health expenditure per capita (current US$),San Marino,SMR,2002,2219.18335
Current health expenditure per capita (current US$),San Marino,SMR,2004,2910.730469
Current health expenditure per capita (current US$),San Marino,SMR,2003,2465.887207
Current health expenditure per capita (current US$),San Marino,SMR,2005,3005.063721
Current health expenditure per capita (current US$),San Marino,SMR,2006,3188.147461
Current health expenditure per capita (current US$),San Marino,SMR,2007,3745.049316
Current health expenditure per capita (current US$),San Marino,SMR,2008,4311.380859
Current health expenditure per capita (current US$),San Marino,SMR,2009,4181.435547
Current health expenditure per capita (current US$),San Marino,SMR,2010,3983.750977
Current health expenditure per capita (current US$),San Marino,SMR,2011,4237.541016
Current health expenditure per capita (current US$),San Marino,SMR,2012,3974.922119
Current health expenditure per capita (current US$),San Marino,SMR,2013,3984.168701
Current health expenditure per capita (current US$),San Marino,SMR,2014,3825.480713
Current health expenditure per capita (current US$),San Marino,SMR,2015,3061.563232
Current health expenditure per capita (current US$),San Marino,SMR,2016,2950.001953
Current health expenditure per capita (current US$),San Marino,SMR,2017,3278.898438
Current health expenditure per capita (current US$),San Marino,SMR,2018,3388.47876
Current health expenditure per capita (current US$),San Marino,SMR,2019,3050.918213
Current health expenditure per capita (current US$),Serbia,SRB,2000,56.50500107
Current health expenditure per capita (current US$),Serbia,SRB,2001,112.2206345
Current health expenditure per capita (current US$),Serbia,SRB,2002,173.2553253
Current health expenditure per capita (current US$),Serbia,SRB,2004,274.4553223
Current health expenditure per capita (current US$),Serbia,SRB,2003,230.0886536
Current health expenditure per capita (current US$),Serbia,SRB,2005,307.5470581
Current health expenditure per capita (current US$),Serbia,SRB,2006,371.5060425
Current health expenditure per capita (current US$),Serbia,SRB,2007,547.2272339
Current health expenditure per capita (current US$),Serbia,SRB,2008,671.8870239
Current health expenditure per capita (current US$),Serbia,SRB,2009,575.262146
Current health expenditure per capita (current US$),Serbia,SRB,2010,545.3338013
Current health expenditure per capita (current US$),Serbia,SRB,2011,618.8942261
Current health expenditure per capita (current US$),Serbia,SRB,2012,559.9053955
Current health expenditure per capita (current US$),Serbia,SRB,2013,627.53302
Current health expenditure per capita (current US$),Serbia,SRB,2014,608.8585815
Current health expenditure per capita (current US$),Serbia,SRB,2015,491.25177
Current health expenditure per capita (current US$),Serbia,SRB,2016,486.4294434
Current health expenditure per capita (current US$),Serbia,SRB,2017,515.8458862
Current health expenditure per capita (current US$),Serbia,SRB,2018,617.0865479
Current health expenditure per capita (current US$),Serbia,SRB,2019,641.0250244
Current health expenditure per capita (current US$),Slovak Republic,SVK,2000,203.5062714
Current health expenditure per capita (current US$),Slovak Republic,SVK,2001,212.2220764
Current health expenditure per capita (current US$),Slovak Republic,SVK,2002,254.127655
Current health expenditure per capita (current US$),Slovak Republic,SVK,2004,511.5298767
Current health expenditure per capita (current US$),Slovak Republic,SVK,2003,344.4733582
Current health expenditure per capita (current US$),Slovak Republic,SVK,2005,601.3132324
Current health expenditure per capita (current US$),Slovak Republic,SVK,2006,729.0132446
Current health expenditure per capita (current US$),Slovak Republic,SVK,2007,1029.300415
Current health expenditure per capita (current US$),Slovak Republic,SVK,2008,1251.677246
Current health expenditure per capita (current US$),Slovak Republic,SVK,2009,1320.093018
Current health expenditure per capita (current US$),Slovak Republic,SVK,2010,1296.542847
Current health expenditure per capita (current US$),Slovak Republic,SVK,2011,1352.438354
Current health expenditure per capita (current US$),Slovak Republic,SVK,2012,1319.438354
Current health expenditure per capita (current US$),Slovak Republic,SVK,2013,1370.467651
Current health expenditure per capita (current US$),Slovak Republic,SVK,2014,1289.348389
Current health expenditure per capita (current US$),Slovak Republic,SVK,2015,1108.878174
Current health expenditure per capita (current US$),Slovak Republic,SVK,2016,1175.597046
Current health expenditure per capita (current US$),Slovak Republic,SVK,2017,1189.072266
Current health expenditure per capita (current US$),Slovak Republic,SVK,2018,1299.911377
Current health expenditure per capita (current US$),Slovak Republic,SVK,2019,1342.074829
Current health expenditure per capita (current US$),Slovenia,SVN,2000,796.6470337
Current health expenditure per capita (current US$),Slovenia,SVN,2001,826.225769
Current health expenditure per capita (current US$),Slovenia,SVN,2002,944.8713989
Current health expenditure per capita (current US$),Slovenia,SVN,2004,1368.648682
Current health expenditure per capita (current US$),Slovenia,SVN,2003,1203.063477
Current health expenditure per capita (current US$),Slovenia,SVN,2005,1449.189209
Current health expenditure per capita (current US$),Slovenia,SVN,2006,1541.664307
Current health expenditure per capita (current US$),Slovenia,SVN,2007,1795.950439
Current health expenditure per capita (current US$),Slovenia,SVN,2008,2179.452393
Current health expenditure per capita (current US$),Slovenia,SVN,2009,2125.056885
Current health expenditure per capita (current US$),Slovenia,SVN,2010,2017.146606
Current health expenditure per capita (current US$),Slovenia,SVN,2011,2147.805176
Current health expenditure per capita (current US$),Slovenia,SVN,2012,1974.854004
Current health expenditure per capita (current US$),Slovenia,SVN,2013,2055.381348
Current health expenditure per capita (current US$),Slovenia,SVN,2014,2062.384766
Current health expenditure per capita (current US$),Slovenia,SVN,2015,1775.86084
Current health expenditure per capita (current US$),Slovenia,SVN,2016,1835.407349
Current health expenditure per capita (current US$),Slovenia,SVN,2017,1925.03479
Current health expenditure per capita (current US$),Slovenia,SVN,2018,2169.579102
Current health expenditure per capita (current US$),Slovenia,SVN,2019,2219.100586
Current health expenditure per capita (current US$),Spain,ESP,2000,1005.283997
Current health expenditure per capita (current US$),Spain,ESP,2001,1045.050659
Current health expenditure per capita (current US$),Spain,ESP,2002,1174.579346
Current health expenditure per capita (current US$),Spain,ESP,2004,1924.445313
Current health expenditure per capita (current US$),Spain,ESP,2003,1641.058716
Current health expenditure per capita (current US$),Spain,ESP,2005,2060.330811
Current health expenditure per capita (current US$),Spain,ESP,2006,2242.178223
Current health expenditure per capita (current US$),Spain,ESP,2007,2606.178955
Current health expenditure per capita (current US$),Spain,ESP,2008,2995.049805
Current health expenditure per capita (current US$),Spain,ESP,2009,2937.534424
Current health expenditure per capita (current US$),Spain,ESP,2010,2789.533936
Current health expenditure per capita (current US$),Spain,ESP,2011,2909.117676
Current health expenditure per capita (current US$),Spain,ESP,2012,2591.016113
Current health expenditure per capita (current US$),Spain,ESP,2013,2629.605469
Current health expenditure per capita (current US$),Spain,ESP,2014,2679.629395
Current health expenditure per capita (current US$),Spain,ESP,2015,2349.054443
Current health expenditure per capita (current US$),Spain,ESP,2016,2376.721191
Current health expenditure per capita (current US$),Spain,ESP,2017,2526.720459
Current health expenditure per capita (current US$),Spain,ESP,2018,2740.269287
Current health expenditure per capita (current US$),Spain,ESP,2019,2711.192871
Current health expenditure per capita (current US$),Sweden,SWE,2000,2173.193848
Current health expenditure per capita (current US$),Sweden,SWE,2001,2155.854248
Current health expenditure per capita (current US$),Sweden,SWE,2002,2459.098389
Current health expenditure per capita (current US$),Sweden,SWE,2004,3488.172852
Current health expenditure per capita (current US$),Sweden,SWE,2003,3110.199707
Current health expenditure per capita (current US$),Sweden,SWE,2005,3547.633301
Current health expenditure per capita (current US$),Sweden,SWE,2006,3765.397461
Current health expenditure per capita (current US$),Sweden,SWE,2007,4310.32666
Current health expenditure per capita (current US$),Sweden,SWE,2008,4627.563965
Current health expenditure per capita (current US$),Sweden,SWE,2009,4136.17334
Current health expenditure per capita (current US$),Sweden,SWE,2010,4416.145508
Current health expenditure per capita (current US$),Sweden,SWE,2011,6351.216797
Current health expenditure per capita (current US$),Sweden,SWE,2012,6254.442383
Current health expenditure per capita (current US$),Sweden,SWE,2013,6696.87207
Current health expenditure per capita (current US$),Sweden,SWE,2014,6605.911621
Current health expenditure per capita (current US$),Sweden,SWE,2015,5598.681641
Current health expenditure per capita (current US$),Sweden,SWE,2016,5680.725586
Current health expenditure per capita (current US$),Sweden,SWE,2017,5837.770508
Current health expenditure per capita (current US$),Sweden,SWE,2018,6005.065918
Current health expenditure per capita (current US$),Sweden,SWE,2019,5671.385742
Current health expenditure per capita (current US$),Switzerland,CHE,2000,3559.819824
Current health expenditure per capita (current US$),Switzerland,CHE,2001,3763.384521
Current health expenditure per capita (current US$),Switzerland,CHE,2002,4211.729492
Current health expenditure per capita (current US$),Switzerland,CHE,2004,5608.703125
Current health expenditure per capita (current US$),Switzerland,CHE,2003,5018.527344
Current health expenditure per capita (current US$),Switzerland,CHE,2005,5673.94043
Current health expenditure per capita (current US$),Switzerland,CHE,2006,5671.981445
Current health expenditure per capita (current US$),Switzerland,CHE,2007,6154.703125
Current health expenditure per capita (current US$),Switzerland,CHE,2008,7120.651855
Current health expenditure per capita (current US$),Switzerland,CHE,2009,7297.379883
Current health expenditure per capita (current US$),Switzerland,CHE,2010,7705.175781
Current health expenditure per capita (current US$),Switzerland,CHE,2011,9191.958984
Current health expenditure per capita (current US$),Switzerland,CHE,2012,8917.119141
Current health expenditure per capita (current US$),Switzerland,CHE,2013,9275.798828
Current health expenditure per capita (current US$),Switzerland,CHE,2014,9578.645508
Current health expenditure per capita (current US$),Switzerland,CHE,2015,9382.791016
Current health expenditure per capita (current US$),Switzerland,CHE,2016,9439.424805
Current health expenditure per capita (current US$),Switzerland,CHE,2017,9606.349609
Current health expenditure per capita (current US$),Switzerland,CHE,2018,9870.664063
Current health expenditure per capita (current US$),Switzerland,CHE,2019,9666.337891
Current health expenditure per capita (current US$),Turkiye,TUR,2000,199.4993744
Current health expenditure per capita (current US$),Turkiye,TUR,2001,153.6227417
Current health expenditure per capita (current US$),Turkiye,TUR,2002,186.6913757
Current health expenditure per capita (current US$),Turkiye,TUR,2004,299.5606384
Current health expenditure per capita (current US$),Turkiye,TUR,2003,238.6871796
Current health expenditure per capita (current US$),Turkiye,TUR,2005,364.9080505
Current health expenditure per capita (current US$),Turkiye,TUR,2006,416.9285278
Current health expenditure per capita (current US$),Turkiye,TUR,2007,512.8482666
Current health expenditure per capita (current US$),Turkiye,TUR,2008,570.8589478
Current health expenditure per capita (current US$),Turkiye,TUR,2009,500.1930542
Current health expenditure per capita (current US$),Turkiye,TUR,2010,539.3271484
Current health expenditure per capita (current US$),Turkiye,TUR,2011,531.4185791
Current health expenditure per capita (current US$),Turkiye,TUR,2012,524.2503052
Current health expenditure per capita (current US$),Turkiye,TUR,2013,551.4012451
Current health expenditure per capita (current US$),Turkiye,TUR,2014,525.8447266
Current health expenditure per capita (current US$),Turkiye,TUR,2015,453.1164856
Current health expenditure per capita (current US$),Turkiye,TUR,2016,466.7947998
Current health expenditure per capita (current US$),Turkiye,TUR,2017,442.6176148
Current health expenditure per capita (current US$),Turkiye,TUR,2018,389.8655701
Current health expenditure per capita (current US$),Turkiye,TUR,2019,396.4668274
Current health expenditure per capita (current US$),Ukraine,UKR,2000,35.13175964
Current health expenditure per capita (current US$),Ukraine,UKR,2001,44.7864418
Current health expenditure per capita (current US$),Ukraine,UKR,2002,52.87649155
Current health expenditure per capita (current US$),Ukraine,UKR,2004,84.58253479
Current health expenditure per capita (current US$),Ukraine,UKR,2003,68.91546631
Current health expenditure per capita (current US$),Ukraine,UKR,2005,116.3311691
Current health expenditure per capita (current US$),Ukraine,UKR,2006,148.3751068
Current health expenditure per capita (current US$),Ukraine,UKR,2007,185.9115601
Current health expenditure per capita (current US$),Ukraine,UKR,2008,215.7867737
Current health expenditure per capita (current US$),Ukraine,UKR,2009,168.286438
Current health expenditure per capita (current US$),Ukraine,UKR,2010,202.3408661
Current health expenditure per capita (current US$),Ukraine,UKR,2011,243.7808228
Current health expenditure per capita (current US$),Ukraine,UKR,2012,275.2192688
Current health expenditure per capita (current US$),Ukraine,UKR,2013,280.9766846
Current health expenditure per capita (current US$),Ukraine,UKR,2014,212.7696991
Current health expenditure per capita (current US$),Ukraine,UKR,2015,157.5774841
Current health expenditure per capita (current US$),Ukraine,UKR,2016,157.5377045
Current health expenditure per capita (current US$),Ukraine,UKR,2017,187.3952179
Current health expenditure per capita (current US$),Ukraine,UKR,2018,222.4753571
Current health expenditure per capita (current US$),Ukraine,UKR,2019,248.1334839
Current health expenditure per capita (current US$),United Kingdom,GBR,2000,2029.524902
Current health expenditure per capita (current US$),United Kingdom,GBR,2001,2101.836426
Current health expenditure per capita (current US$),United Kingdom,GBR,2002,2386.212402
Current health expenditure per capita (current US$),United Kingdom,GBR,2004,3384.605225
Current health expenditure per capita (current US$),United Kingdom,GBR,2003,2796.341064
Current health expenditure per capita (current US$),United Kingdom,GBR,2005,3552.643066
Current health expenditure per capita (current US$),United Kingdom,GBR,2006,3842.675781
Current health expenditure per capita (current US$),United Kingdom,GBR,2007,4450.128906
Current health expenditure per capita (current US$),United Kingdom,GBR,2008,4301.116699
Current health expenditure per capita (current US$),United Kingdom,GBR,2009,3841.878906
Current health expenditure per capita (current US$),United Kingdom,GBR,2010,3904.50708
Current health expenditure per capita (current US$),United Kingdom,GBR,2011,4156.577148
Current health expenditure per capita (current US$),United Kingdom,GBR,2012,4222.084961
Current health expenditure per capita (current US$),United Kingdom,GBR,2013,4344.668457
Current health expenditure per capita (current US$),United Kingdom,GBR,2014,4740.110352
Current health expenditure per capita (current US$),United Kingdom,GBR,2015,4477.285645
Current health expenditure per capita (current US$),United Kingdom,GBR,2016,4067.175781
Current health expenditure per capita (current US$),United Kingdom,GBR,2017,3966.05835
Current health expenditure per capita (current US$),United Kingdom,GBR,2018,4270.221191
Current health expenditure per capita (current US$),United Kingdom,GBR,2019,4312.88916