Series Name,Country Name,Time,Expenditure,Country Code
Current health expenditure per capita (current US$),Albania,2000,80.61695099,ALB
Current health expenditure per capita (current US$),Albania,2001,89.58073425,ALB
Current health expenditure per capita (current US$),Albania,2002,96.27111816,ALB
Current health expenditure per capita (current US$),Albania,2004,156.5681763,ALB
Current health expenditure per capita (current US$),Albania,2003,125.9879761,ALB
Current health expenditure per capita (current US$),Albania,2005,165.2653656,ALB
Current health expenditure per capita (current US$),Albania,2006,174.5302429,ALB
Current health expenditure per capita (current US$),Albania,2007,222.3036652,ALB
Current health expenditure per capita (current US$),Albania,2008,220.4642487,ALB
Current health expenditure per capita (current US$),Albania,2009,186.4428101,ALB
Current health expenditure per capita (current US$),Albania,2010,192.0032196,ALB
Current health expenditure per capita (current US$),Albania,2011,211.0755158,ALB
Current health expenditure per capita (current US$),Albania,2012,213.7197418,ALB
Current health expenditure per capita (current US$),Albania,2013,236.957962,ALB
Current health expenditure per capita (current US$),Albania,2014,251.3582611,ALB
Current health expenditure per capita (current US$),Albania,2015,192.8851318,ALB
Current health expenditure per capita (current US$),Albania,2016,202.0133209,ALB
Current health expenditure per capita (current US$),Albania,2017,226.2806702,ALB
Current health expenditure per capita (current US$),Albania,2018,274.914093,ALB
Current health expenditure per capita (current US$),Albania,2019,0,ALB
Current health expenditure per capita (current US$),Andorra,2000,1302.620728,AND
Current health expenditure per capita (current US$),Andorra,2001,1347.484985,AND
Current health expenditure per capita (current US$),Andorra,2002,1528.75061,AND
Current health expenditure per capita (current US$),Andorra,2004,2043.302246,AND
Current health expenditure per capita (current US$),Andorra,2003,1820.04187,AND
Current health expenditure per capita (current US$),Andorra,2005,2299.703613,AND
Current health expenditure per capita (current US$),Andorra,2006,2161.205322,AND
Current health expenditure per capita (current US$),Andorra,2007,2403.599121,AND
Current health expenditure per capita (current US$),Andorra,2008,2818.804688,AND
Current health expenditure per capita (current US$),Andorra,2009,2714.249756,AND
Current health expenditure per capita (current US$),Andorra,2010,2685.479736,AND
Current health expenditure per capita (current US$),Andorra,2011,2634.032715,AND
Current health expenditure per capita (current US$),Andorra,2012,2370.057129,AND
Current health expenditure per capita (current US$),Andorra,2013,2432.782715,AND
Current health expenditure per capita (current US$),Andorra,2014,2529.089844,AND
Current health expenditure per capita (current US$),Andorra,2015,2246.254395,AND
Current health expenditure per capita (current US$),Andorra,2016,2361.217529,AND
Current health expenditure per capita (current US$),Andorra,2017,2567.423828,AND
Current health expenditure per capita (current US$),Andorra,2018,2821.80127,AND
Current health expenditure per capita (current US$),Andorra,2019,2744.194336,AND
Current health expenditure per capita (current US$),Armenia,2000,26.12908936,ARM
Current health expenditure per capita (current US$),Armenia,2001,32.25933838,ARM
Current health expenditure per capita (current US$),Armenia,2002,59.63238907,ARM
Current health expenditure per capita (current US$),Armenia,2004,72.17178345,ARM
Current health expenditure per capita (current US$),Armenia,2003,66.77802277,ARM
Current health expenditure per capita (current US$),Armenia,2005,96.35484314,ARM
Current health expenditure per capita (current US$),Armenia,2006,126.252945,ARM
Current health expenditure per capita (current US$),Armenia,2007,172.6018677,ARM
Current health expenditure per capita (current US$),Armenia,2008,266.3115845,ARM
Current health expenditure per capita (current US$),Armenia,2009,252.8356018,ARM
Current health expenditure per capita (current US$),Armenia,2010,297.2290649,ARM
Current health expenditure per capita (current US$),Armenia,2011,330.5755615,ARM
Current health expenditure per capita (current US$),Armenia,2012,336.3205566,ARM
Current health expenditure per capita (current US$),Armenia,2013,396.232544,ARM
Current health expenditure per capita (current US$),Armenia,2014,405.7288818,ARM
Current health expenditure per capita (current US$),Armenia,2015,364.9728088,ARM
Current health expenditure per capita (current US$),Armenia,2016,357.4577637,ARM
Current health expenditure per capita (current US$),Armenia,2017,405.6506958,ARM
Current health expenditure per capita (current US$),Armenia,2018,422.2826843,ARM
Current health expenditure per capita (current US$),Armenia,2019,523.9990845,ARM
Current health expenditure per capita (current US$),Austria,2000,2269.126465,AUT
Current health expenditure per capita (current US$),Austria,2001,2282.515869,AUT
Current health expenditure per capita (current US$),Austria,2002,2497.865967,AUT
Current health expenditure per capita (current US$),Austria,2004,3594.650391,AUT
Current health expenditure per capita (current US$),Austria,2003,3091.240234,AUT
Current health expenditure per capita (current US$),Austria,2005,3710.397949,AUT
Current health expenditure per capita (current US$),Austria,2006,3882.981934,AUT
Current health expenditure per capita (current US$),Austria,2007,4478.768555,AUT
Current health expenditure per capita (current US$),Austria,2008,5057.760742,AUT
Current health expenditure per capita (current US$),Austria,2009,4928.987793,AUT
Current health expenditure per capita (current US$),Austria,2010,4800.793457,AUT
Current health expenditure per capita (current US$),Austria,2011,5167.817871,AUT
Current health expenditure per capita (current US$),Austria,2012,4966.095703,AUT
Current health expenditure per capita (current US$),Austria,2013,5235.341309,AUT
Current health expenditure per capita (current US$),Austria,2014,5393.602051,AUT
Current health expenditure per capita (current US$),Austria,2015,4612.824219,AUT
Current health expenditure per capita (current US$),Austria,2016,4709.875977,AUT
Current health expenditure per capita (current US$),Austria,2017,4938.919922,AUT
Current health expenditure per capita (current US$),Austria,2018,5322.262695,AUT
Current health expenditure per capita (current US$),Austria,2019,5242.183105,AUT
Current health expenditure per capita (current US$),Azerbaijan,2000,19.14171791,AZE
Current health expenditure per capita (current US$),Azerbaijan,2001,19.19028282,AZE
Current health expenditure per capita (current US$),Azerbaijan,2002,20.59105873,AZE
Current health expenditure per capita (current US$),Azerbaijan,2004,27.38257599,AZE
Current health expenditure per capita (current US$),Azerbaijan,2003,23.80008125,AZE
Current health expenditure per capita (current US$),Azerbaijan,2005,35.07611465,AZE
Current health expenditure per capita (current US$),Azerbaijan,2006,50.24787903,AZE
Current health expenditure per capita (current US$),Azerbaijan,2007,75.39520264,AZE
Current health expenditure per capita (current US$),Azerbaijan,2008,107.3614349,AZE
Current health expenditure per capita (current US$),Azerbaijan,2009,129.7258606,AZE
Current health expenditure per capita (current US$),Azerbaijan,2010,145.8452606,AZE
Current health expenditure per capita (current US$),Azerbaijan,2011,176.4084778,AZE
Current health expenditure per capita (current US$),Azerbaijan,2012,222.9855194,AZE
Current health expenditure per capita (current US$),Azerbaijan,2013,239.9508057,AZE
Current health expenditure per capita (current US$),Azerbaijan,2014,267.3097229,AZE
Current health expenditure per capita (current US$),Azerbaijan,2015,226.510025,AZE
Current health expenditure per capita (current US$),Azerbaijan,2016,156.9957275,AZE
Current health expenditure per capita (current US$),Azerbaijan,2017,155.0982666,AZE
Current health expenditure per capita (current US$),Azerbaijan,2018,168.3916473,AZE
Current health expenditure per capita (current US$),Azerbaijan,2019,193.1088409,AZE
Current health expenditure per capita (current US$),Belarus,2000,57.66816711,BLR
Current health expenditure per capita (current US$),Belarus,2001,74.33643341,BLR
Current health expenditure per capita (current US$),Belarus,2002,87.08403778,BLR
Current health expenditure per capita (current US$),Belarus,2004,142.7480164,BLR
Current health expenditure per capita (current US$),Belarus,2003,109.8769302,BLR
Current health expenditure per capita (current US$),Belarus,2005,198.3073731,BLR
Current health expenditure per capita (current US$),Belarus,2006,223.831192,BLR
Current health expenditure per capita (current US$),Belarus,2007,281.0776367,BLR
Current health expenditure per capita (current US$),Belarus,2008,351.7279663,BLR
Current health expenditure per capita (current US$),Belarus,2009,290.7015381,BLR
Current health expenditure per capita (current US$),Belarus,2010,343.6791077,BLR
Current health expenditure per capita (current US$),Belarus,2011,319.7537231,BLR
Current health expenditure per capita (current US$),Belarus,2012,365.874939,BLR
Current health expenditure per capita (current US$),Belarus,2013,456.4916687,BLR
Current health expenditure per capita (current US$),Belarus,2014,450.2226257,BLR
Current health expenditure per capita (current US$),Belarus,2015,362.7528381,BLR
Current health expenditure per capita (current US$),Belarus,2016,298.6265869,BLR
Current health expenditure per capita (current US$),Belarus,2017,333.5410767,BLR
Current health expenditure per capita (current US$),Belarus,2018,351.0068054,BLR
Current health expenditure per capita (current US$),Belarus,2019,399.3970947,BLR
Current health expenditure per capita (current US$),Belgium,2000,1849.916016,BEL
Current health expenditure per capita (current US$),Belgium,2001,1879.934814,BEL
Current health expenditure per capita (current US$),Belgium,2002,2084.719971,BEL
Current health expenditure per capita (current US$),Belgium,2004,3326.637207,BEL
Current health expenditure per capita (current US$),Belgium,2003,2828.333496,BEL
Current health expenditure per capita (current US$),Belgium,2005,3419.693115,BEL
Current health expenditure per capita (current US$),Belgium,2006,3558.121338,BEL
Current health expenditure per capita (current US$),Belgium,2007,4078.146973,BEL
Current health expenditure per capita (current US$),Belgium,2008,4670.422852,BEL
Current health expenditure per capita (current US$),Belgium,2009,4653.436523,BEL
Current health expenditure per capita (current US$),Belgium,2010,4544.779785,BEL
Current health expenditure per capita (current US$),Belgium,2011,4943.796875,BEL
Current health expenditure per capita (current US$),Belgium,2012,4706.470215,BEL
Current health expenditure per capita (current US$),Belgium,2013,4947.769531,BEL
Current health expenditure per capita (current US$),Belgium,2014,5072.950684,BEL
Current health expenditure per capita (current US$),Belgium,2015,4291.489746,BEL
Current health expenditure per capita (current US$),Belgium,2016,4534.22998,BEL
Current health expenditure per capita (current US$),Belgium,2017,4775.8125,BEL
Current health expenditure per capita (current US$),Belgium,2018,5134.414551,BEL
Current health expenditure per capita (current US$),Belgium,2019,4960.393555,BEL
Current health expenditure per capita (current US$),Bosnia and Herzegovina,2000,113.3132629,BIH
Current health expenditure per capita (current US$),Bosnia and Herzegovina,2001,112.0685196,BIH
Current health expenditure per capita (current US$),Bosnia and Herzegovina,2002,127.2113953,BIH
Current health expenditure per capita (current US$),Bosnia and Herzegovina,2004,244.5274048,BIH
Current health expenditure per capita (current US$),Bosnia and Herzegovina,2003,180.9941711,BIH
Current health expenditure per capita (current US$),Bosnia and Herzegovina,2005,262.8928223,BIH
Current health expenditure per capita (current US$),Bosnia and Herzegovina,2006,303.5122376,BIH
Current health expenditure per capita (current US$),Bosnia and Herzegovina,2007,388.098999,BIH
Current health expenditure per capita (current US$),Bosnia and Herzegovina,2008,482.9365234,BIH
Current health expenditure per capita (current US$),Bosnia and Herzegovina,2009,425.0511475,BIH
Current health expenditure per capita (current US$),Bosnia and Herzegovina,2010,417.7483215,BIH
Current health expenditure per capita (current US$),Bosnia and Herzegovina,2011,467.0319214,BIH
Current health expenditure per capita (current US$),Bosnia and Herzegovina,2012,452.9765015,BIH
Current health expenditure per capita (current US$),Bosnia and Herzegovina,2013,484.2270203,BIH
Current health expenditure per capita (current US$),Bosnia and Herzegovina,2014,504.7872315,BIH
Current health expenditure per capita (current US$),Bosnia and Herzegovina,2015,442.0378418,BIH
Current health expenditure per capita (current US$),Bosnia and Herzegovina,2016,461.9793396,BIH
Current health expenditure per capita (current US$),Bosnia and Herzegovina,2017,482.1771545,BIH
Current health expenditure per capita (current US$),Bosnia and Herzegovina,2018,539.9100342,BIH
Current health expenditure per capita (current US$),Bosnia and Herzegovina,2019,553.822937,BIH
Current health expenditure per capita (current US$),Bulgaria,2000,94.49745178,BGR
Current health expenditure per capita (current US$),Bulgaria,2001,119.8299789,BGR
Current health expenditure per capita (current US$),Bulgaria,2002,148.1479187,BGR
Current health expenditure per capita (current US$),Bulgaria,2004,233.113327,BGR
Current health expenditure per capita (current US$),Bulgaria,2003,195.7436981,BGR
Current health expenditure per capita (current US$),Bulgaria,2005,267.741394,BGR
Current health expenditure per capita (current US$),Bulgaria,2006,294.1089172,BGR
Current health expenditure per capita (current US$),Bulgaria,2007,361.2349854,BGR
Current health expenditure per capita (current US$),Bulgaria,2008,455.5405884,BGR
Current health expenditure per capita (current US$),Bulgaria,2009,459.3002014,BGR
Current health expenditure per capita (current US$),Bulgaria,2010,484.7522888,BGR
Current health expenditure per capita (current US$),Bulgaria,2011,555.8641968,BGR
Current health expenditure per capita (current US$),Bulgaria,2012,558.6479492,BGR
Current health expenditure per capita (current US$),Bulgaria,2013,547.454834,BGR
Current health expenditure per capita (current US$),Bulgaria,2014,605.2589111,BGR
Current health expenditure per capita (current US$),Bulgaria,2015,521.4190674,BGR
Current health expenditure per capita (current US$),Bulgaria,2016,562.3408203,BGR
Current health expenditure per capita (current US$),Bulgaria,2017,624.5250244,BGR
Current health expenditure per capita (current US$),Bulgaria,2018,689.9053955,BGR
Current health expenditure per capita (current US$),Bulgaria,2019,697.8963623,BGR
Current health expenditure per capita (current US$),Channel Islands,2000,,CHI
Current health expenditure per capita (current US$),Channel Islands,2001,,CHI
Current health expenditure per capita (current US$),Channel Islands,2002,,CHI
Current health expenditure per capita (current US$),Channel Islands,2004,,CHI
Current health expenditure per capita (current US$),Channel Islands,2003,,CHI
Current health expenditure per capita (current US$),Channel Islands,2005,,CHI
Current health expenditure per capita (current US$),Channel Islands,2006,,CHI
Current health expenditure per capita (current US$),Channel Islands,2007,,CHI
Current health expenditure per capita (current US$),Channel Islands,2008,,CHI
Current health expenditure per capita (current US$),Channel Islands,2009,,CHI
Current health expenditure per capita (current US$),Channel Islands,2010,,CHI
Current health expenditure per capita (current US$),Channel Islands,2011,,CHI
Current health expenditure per capita (current US$),Channel Islands,2012,,CHI
Current health expenditure per capita (current US$),Channel Islands,2013,,CHI
Current health expenditure per capita (current US$),Channel Islands,2014,,CHI
Current health expenditure per capita (current US$),Channel Islands,2015,,CHI
Current health expenditure per capita (current US$),Channel Islands,2016,,CHI
Current health expenditure per capita (current US$),Channel Islands,2017,,CHI
Current health expenditure per capita (current US$),Channel Islands,2018,,CHI
Current health expenditure per capita (current US$),Channel Islands,2019,,CHI
Current health expenditure per capita (current US$),Croatia,2000,371.0621338,HRV
Current health expenditure per capita (current US$),Croatia,2001,388.3248901,HRV
Current health expenditure per capita (current US$),Croatia,2002,386.4440918,HRV
Current health expenditure per capita (current US$),Croatia,2004,634.6203003,HRV
Current health expenditure per capita (current US$),Croatia,2003,512.1520996,HRV
Current health expenditure per capita (current US$),Croatia,2005,727.1310425,HRV
Current health expenditure per capita (current US$),Croatia,2006,816.0170288,HRV
Current health expenditure per capita (current US$),Croatia,2007,1041.034424,HRV
Current health expenditure per capita (current US$),Croatia,2008,1258.872437,HRV
Current health expenditure per capita (current US$),Croatia,2009,1187.545288,HRV
Current health expenditure per capita (current US$),Croatia,2010,1126.373657,HRV
Current health expenditure per capita (current US$),Croatia,2011,1132.498901,HRV
Current health expenditure per capita (current US$),Croatia,2012,1029.971191,HRV
Current health expenditure per capita (current US$),Croatia,2013,889.944519,HRV
Current health expenditure per capita (current US$),Croatia,2014,909.3716431,HRV
Current health expenditure per capita (current US$),Croatia,2015,795.520813,HRV
Current health expenditure per capita (current US$),Croatia,2016,840.9050293,HRV
Current health expenditure per capita (current US$),Croatia,2017,902.6252441,HRV
Current health expenditure per capita (current US$),Croatia,2018,1014.222351,HRV
Current health expenditure per capita (current US$),Croatia,2019,1040.085693,HRV
Current health expenditure per capita (current US$),Cyprus,2000,750.5167236,CYP
Current health expenditure per capita (current US$),Cyprus,2001,782.1616211,CYP
Current health expenditure per capita (current US$),Cyprus,2002,890.4829712,CYP
Current health expenditure per capita (current US$),Cyprus,2004,1286.971558,CYP
Current health expenditure per capita (current US$),Cyprus,2003,1145.058472,CYP
Current health expenditure per capita (current US$),Cyprus,2005,1366.01709,CYP
Current health expenditure per capita (current US$),Cyprus,2006,1474.02063,CYP
Current health expenditure per capita (current US$),Cyprus,2007,1694.271851,CYP
Current health expenditure per capita (current US$),Cyprus,2008,2155.246582,CYP
Current health expenditure per capita (current US$),Cyprus,2009,2105.477783,CYP
Current health expenditure per capita (current US$),Cyprus,2010,2045.292358,CYP
Current health expenditure per capita (current US$),Cyprus,2011,2114.668945,CYP
Current health expenditure per capita (current US$),Cyprus,2012,1899.372559,CYP
Current health expenditure per capita (current US$),Cyprus,2013,1916.322632,CYP
Current health expenditure per capita (current US$),Cyprus,2014,1873.891357,CYP
Current health expenditure per capita (current US$),Cyprus,2015,1581.413574,CYP
Current health expenditure per capita (current US$),Cyprus,2016,1634.935547,CYP
Current health expenditure per capita (current US$),Cyprus,2017,1750.507324,CYP
Current health expenditure per capita (current US$),Cyprus,2018,1981.778442,CYP
Current health expenditure per capita (current US$),Cyprus,2019,1996.458252,CYP
Current health expenditure per capita (current US$),Czechia,2000,342.921051,CZE
Current health expenditure per capita (current US$),Czechia,2001,388.5440369,CZE
Current health expenditure per capita (current US$),Czechia,2002,497.7420349,CZE
Current health expenditure per capita (current US$),Czechia,2004,746.3289185,CZE
Current health expenditure per capita (current US$),Czechia,2003,640.6604004,CZE
Current health expenditure per capita (current US$),Czechia,2005,852.6524658,CZE
Current health expenditure per capita (current US$),Czechia,2006,942.118042,CZE
Current health expenditure per capita (current US$),Czechia,2007,1110.176636,CZE
Current health expenditure per capita (current US$),Czechia,2008,1449.336792,CZE
Current health expenditure per capita (current US$),Czechia,2009,1442.242798,CZE
Current health expenditure per capita (current US$),Czechia,2010,1373.931763,CZE
Current health expenditure per capita (current US$),Czechia,2011,1516.55542,CZE
Current health expenditure per capita (current US$),Czechia,2012,1387.406006,CZE
Current health expenditure per capita (current US$),Czechia,2013,1554.509033,CZE
Current health expenditure per capita (current US$),Czechia,2014,1512.926147,CZE
Current health expenditure per capita (current US$),Czechia,2015,1284.046753,CZE
Current health expenditure per capita (current US$),Czechia,2016,1321.620239,CZE
Current health expenditure per capita (current US$),Czechia,2017,1475.915283,CZE
Current health expenditure per capita (current US$),Czechia,2018,1765.588623,CZE
Current health expenditure per capita (current US$),Czechia,2019,1844.217773,CZE
Current health expenditure per capita (current US$),Denmark,2000,2496.047119,DNK
Current health expenditure per capita (current US$),Denmark,2001,2602.642822,DNK
Current health expenditure per capita (current US$),Denmark,2002,2895.807373,DNK
Current health expenditure per capita (current US$),Denmark,2004,4194.873535,DNK
Current health expenditure per capita (current US$),Denmark,2003,3607.042969,DNK
Current health expenditure per capita (current US$),Denmark,2005,4442.755371,DNK
Current health expenditure per capita (current US$),Denmark,2006,4778.891602,DNK
Current health expenditure per capita (current US$),Denmark,2007,5468.379395,DNK
Current health expenditure per capita (current US$),Denmark,2008,6137.776367,DNK
Current health expenditure per capita (current US$),Denmark,2009,6221.688965,DNK
Current health expenditure per capita (current US$),Denmark,2010,6011.538086,DNK
Current health expenditure per capita (current US$),Denmark,2011,6281.004395,DNK
Current health expenditure per capita (current US$),Denmark,2012,6003.830566,DNK
Current health expenditure per capita (current US$),Denmark,2013,6236.554199,DNK
Current health expenditure per capita (current US$),Denmark,2014,6380.784668,DNK
Current health expenditure per capita (current US$),Denmark,2015,5469.334961,DNK
Current health expenditure per capita (current US$),Denmark,2016,5565.593262,DNK
Current health expenditure per capita (current US$),Denmark,2017,5800.152832,DNK
Current health expenditure per capita (current US$),Denmark,2018,6216.768555,DNK
Current health expenditure per capita (current US$),Denmark,2019,6003.325195,DNK
Current health expenditure per capita (current US$),Estonia,2000,209.7131348,EST
Current health expenditure per capita (current US$),Estonia,2001,214.7041473,EST
Current health expenditure per capita (current US$),Estonia,2002,250.4802094,EST
Current health expenditure per capita (current US$),Estonia,2004,455.0681152,EST
Current health expenditure per capita (current US$),Estonia,2003,349.0580444,EST
Current health expenditure per capita (current US$),Estonia,2005,524.6801148,EST
Current health expenditure per capita (current US$),Estonia,2006,600.5078735,EST
Current health expenditure per capita (current US$),Estonia,2007,832.7330933,EST
Current health expenditure per capita (current US$),Estonia,2008,1038.562256,EST
Current health expenditure per capita (current US$),Estonia,2009,963.0196533,EST
Current health expenditure per capita (current US$),Estonia,2010,926.4541626,EST
Current health expenditure per capita (current US$),Estonia,2011,1015.968262,EST
Current health expenditure per capita (current US$),Estonia,2012,1013.314209,EST
Current health expenditure per capita (current US$),Estonia,2013,1144.646851,EST
Current health expenditure per capita (current US$),Estonia,2014,1238.927002,EST
Current health expenditure per capita (current US$),Estonia,2015,1112.914063,EST
Current health expenditure per capita (current US$),Estonia,2016,1186.102783,EST
Current health expenditure per capita (current US$),Estonia,2017,1350.380615,EST
Current health expenditure per capita (current US$),Estonia,2018,1552.632446,EST
Current health expenditure per capita (current US$),Estonia,2019,1598.818848,EST
Current health expenditure per capita (current US$),Faroe Islands,2000,,FRO
Current health expenditure per capita (current US$),Faroe Islands,2001,,FRO
Current health expenditure per capita (current US$),Faroe Islands,2002,,FRO
Current health expenditure per capita (current US$),Faroe Islands,2004,,FRO
Current health expenditure per capita (current US$),Faroe Islands,2003,,FRO
Current health expenditure per capita (current US$),Faroe Islands,2005,,FRO
Current health expenditure per capita (current US$),Faroe Islands,2006,,FRO
Current health expenditure per capita (current US$),Faroe Islands,2007,,FRO
Current health expenditure per capita (current US$),Faroe Islands,2008,,FRO
Current health expenditure per capita (current US$),Faroe Islands,2009,,FRO
Current health expenditure per capita (current US$),Faroe Islands,2010,,FRO
Current health expenditure per capita (current US$),Faroe Islands,2011,,FRO
Current health expenditure per capita (current US$),Faroe Islands,2012,,FRO
Current health expenditure per capita (current US$),Faroe Islands,2013,,FRO
Current health expenditure per capita (current US$),Faroe Islands,2014,,FRO
Current health expenditure per capita (current US$),Faroe Islands,2015,,FRO
Current health expenditure per capita (current US$),Faroe Islands,2016,,FRO
Current health expenditure per capita (current US$),Faroe Islands,2017,,FRO
Current health expenditure per capita (current US$),Faroe Islands,2018,,FRO
Current health expenditure per capita (current US$),Faroe Islands,2019,,FRO
Current health expenditure per capita (current US$),Finland,2000,1722.832642,FIN
Current health expenditure per capita (current US$),Finland,2001,1806.050171,FIN
Current health expenditure per capita (current US$),Finland,2002,2054.262939,FIN
Current health expenditure per capita (current US$),Finland,2004,3035.97876,FIN
Current health expenditure per capita (current US$),Finland,2003,2606.775879,FIN
Current health expenditure per capita (current US$),Finland,2005,3228.952148,FIN
Current health expenditure per capita (current US$),Finland,2006,3407.665527,FIN
Current health expenditure per capita (current US$),Finland,2007,3911.96582,FIN
Current health expenditure per capita (current US$),Finland,2008,4481.216797,FIN
Current health expenditure per capita (current US$),Finland,2009,4347.121582,FIN
Current health expenditure per capita (current US$),Finland,2010,4249.602051,FIN
Current health expenditure per capita (current US$),Finland,2011,4715.935059,FIN
Current health expenditure per capita (current US$),Finland,2012,4572.523438,FIN
Current health expenditure per capita (current US$),Finland,2013,4892.097168,FIN
Current health expenditure per capita (current US$),Finland,2014,4922.675781,FIN
Current health expenditure per capita (current US$),Finland,2015,4127.149902,FIN
Current health expenditure per capita (current US$),Finland,2016,4107.062988,FIN
Current health expenditure per capita (current US$),Finland,2017,4233.468262,FIN
Current health expenditure per capita (current US$),Finland,2018,4515.677246,FIN
Current health expenditure per capita (current US$),Finland,2019,4450.302734,FIN
Current health expenditure per capita (current US$),France,2000,2161.853027,FRA
Current health expenditure per capita (current US$),France,2001,2192.71582,FRA
Current health expenditure per capita (current US$),France,2002,2449.758301,FRA
Current health expenditure per capita (current US$),France,2004,3458.627441,FRA
Current health expenditure per capita (current US$),France,2003,3006.305908,FRA
Current health expenditure per capita (current US$),France,2005,3575.025146,FRA
Current health expenditure per capita (current US$),France,2006,3811.551758,FRA
Current health expenditure per capita (current US$),France,2007,4312.310547,FRA
Current health expenditure per capita (current US$),France,2008,4807.374512,FRA
Current health expenditure per capita (current US$),France,2009,4737.578125,FRA
Current health expenditure per capita (current US$),France,2010,4592.383301,FRA
Current health expenditure per capita (current US$),France,2011,4931.87793,FRA
Current health expenditure per capita (current US$),France,2012,4644.595703,FRA
Current health expenditure per capita (current US$),France,2013,4893.476074,FRA
Current health expenditure per capita (current US$),France,2014,4982.991211,FRA
Current health expenditure per capita (current US$),France,2015,4201.555664,FRA
Current health expenditure per capita (current US$),France,2016,4257.149902,FRA
Current health expenditure per capita (current US$),France,2017,4402.07959,FRA
Current health expenditure per capita (current US$),France,2018,4657.75293,FRA
Current health expenditure per capita (current US$),France,2019,4491.735352,FRA
Current health expenditure per capita (current US$),Georgia,2000,51.85281754,GEO
Current health expenditure per capita (current US$),Georgia,2001,55.22227478,GEO
Current health expenditure per capita (current US$),Georgia,2002,64.06044006,GEO
Current health expenditure per capita (current US$),Georgia,2004,100.874176,GEO
Current health expenditure per capita (current US$),Georgia,2003,77.73462677,GEO
Current health expenditure per capita (current US$),Georgia,2005,126.4450836,GEO
Current health expenditure per capita (current US$),Georgia,2006,145.0523071,GEO
Current health expenditure per capita (current US$),Georgia,2007,186.6177826,GEO
Current health expenditure per capita (current US$),Georgia,2008,268.1403503,GEO
Current health expenditure per capita (current US$),Georgia,2009,257.0617676,GEO
Current health expenditure per capita (current US$),Georgia,2010,271.0166626,GEO
Current health expenditure per capita (current US$),Georgia,2011,296.6886902,GEO
Current health expenditure per capita (current US$),Georgia,2012,326.4760742,GEO
Current health expenditure per capita (current US$),Georgia,2013,334.6890564,GEO
Current health expenditure per capita (current US$),Georgia,2014,345.2559815,GEO
Current health expenditure per capita (current US$),Georgia,2015,275.8408203,GEO
Current health expenditure per capita (current US$),Georgia,2016,301.5457764,GEO
Current health expenditure per capita (current US$),Georgia,2017,285.9877014,GEO
Current health expenditure per capita (current US$),Georgia,2018,312.7469177,GEO
Current health expenditure per capita (current US$),Georgia,2019,291.1220398,GEO
Current health expenditure per capita (current US$),Germany,2000,2344.354736,DEU
Current health expenditure per capita (current US$),Germany,2001,2346.61499,DEU
Current health expenditure per capita (current US$),Germany,2002,2567.50293,DEU
Current health expenditure per capita (current US$),Germany,2004,3459.824951,DEU
Current health expenditure per capita (current US$),Germany,2003,3152.794189,DEU
Current health expenditure per capita (current US$),Germany,2005,3558.213379,DEU
Current health expenditure per capita (current US$),Germany,2006,3697.921631,DEU
Current health expenditure per capita (current US$),Germany,2007,4182.799316,DEU
Current health expenditure per capita (current US$),Germany,2008,4669.65332,DEU
Current health expenditure per capita (current US$),Germany,2009,4674.783203,DEU
Current health expenditure per capita (current US$),Germany,2010,4611.275879,DEU
Current health expenditure per capita (current US$),Germany,2011,5037.370117,DEU
Current health expenditure per capita (current US$),Germany,2012,4765.583008,DEU
Current health expenditure per capita (current US$),Germany,2013,5099.641113,DEU
Current health expenditure per capita (current US$),Germany,2014,5307.082031,DEU
Current health expenditure per capita (current US$),Germany,2015,4624.556641,DEU
Current health expenditure per capita (current US$),Germany,2016,4744.229492,DEU
Current health expenditure per capita (current US$),Germany,2017,5055.821289,DEU
Current health expenditure per capita (current US$),Germany,2018,5481.987305,DEU
Current health expenditure per capita (current US$),Germany,2019,5440.251465,DEU
Current health expenditure per capita (current US$),Gibraltar,2000,,GIB
Current health expenditure per capita (current US$),Gibraltar,2001,,GIB
Current health expenditure per capita (current US$),Gibraltar,2002,,GIB
Current health expenditure per capita (current US$),Gibraltar,2004,,GIB
Current health expenditure per capita (current US$),Gibraltar,2003,,GIB
Current health expenditure per capita (current US$),Gibraltar,2005,,GIB
Current health expenditure per capita (current US$),Gibraltar,2006,,GIB
Current health expenditure per capita (current US$),Gibraltar,2007,,GIB
Current health expenditure per capita (current US$),Gibraltar,2008,,GIB
Current health expenditure per capita (current US$),Gibraltar,2009,,GIB
Current health expenditure per capita (current US$),Gibraltar,2010,,GIB
Current health expenditure per capita (current US$),Gibraltar,2011,,GIB
Current health expenditure per capita (current US$),Gibraltar,2012,,GIB
Current health expenditure per capita (current US$),Gibraltar,2013,,GIB
Current health expenditure per capita (current US$),Gibraltar,2014,,GIB
Current health expenditure per capita (current US$),Gibraltar,2015,,GIB
Current health expenditure per capita (current US$),Gibraltar,2016,,GIB
Current health expenditure per capita (current US$),Gibraltar,2017,,GIB
Current health expenditure per capita (current US$),Gibraltar,2018,,GIB
Current health expenditure per capita (current US$),Gibraltar,2019,,GIB
Current health expenditure per capita (current US$),Greece,2000,885.4104004,GRC
Current health expenditure per capita (current US$),Greece,2001,1004.81543,GRC
Current health expenditure per capita (current US$),Greece,2002,1168.824097,GRC
Current health expenditure per capita (current US$),Greece,2004,1782.695923,GRC
Current health expenditure per capita (current US$),Greece,2003,1566.40979,GRC
Current health expenditure per capita (current US$),Greece,2005,1935.267578,GRC
Current health expenditure per capita (current US$),Greece,2006,2052.875488,GRC
Current health expenditure per capita (current US$),Greece,2007,2426.759521,GRC
Current health expenditure per capita (current US$),Greece,2008,2840.508545,GRC
Current health expenditure per capita (current US$),Greece,2009,2809.05957,GRC
Current health expenditure per capita (current US$),Greece,2010,2564.369385,GRC
Current health expenditure per capita (current US$),Greece,2011,2338.915039,GRC
Current health expenditure per capita (current US$),Greece,2012,1948.248535,GRC
Current health expenditure per capita (current US$),Greece,2013,1813.87793,GRC
Current health expenditure per capita (current US$),Greece,2014,1705.114502,GRC
Current health expenditure per capita (current US$),Greece,2015,1452.052002,GRC
Current health expenditure per capita (current US$),Greece,2016,1488.19812,GRC
Current health expenditure per capita (current US$),Greece,2017,1505.945923,GRC
Current health expenditure per capita (current US$),Greece,2018,1572.684204,GRC
Current health expenditure per capita (current US$),Greece,2019,1500.594971,GRC
Current health expenditure per capita (current US$),Greenland,2000,,GRL
Current health expenditure per capita (current US$),Greenland,2001,,GRL
Current health expenditure per capita (current US$),Greenland,2002,,GRL
Current health expenditure per capita (current US$),Greenland,2004,,GRL
Current health expenditure per capita (current US$),Greenland,2003,,GRL
Current health expenditure per capita (current US$),Greenland,2005,,GRL
Current health expenditure per capita (current US$),Greenland,2006,,GRL
Current health expenditure per capita (current US$),Greenland,2007,,GRL
Current health expenditure per capita (current US$),Greenland,2008,,GRL
Current health expenditure per capita (current US$),Greenland,2009,,GRL
Current health expenditure per capita (current US$),Greenland,2010,,GRL
Current health expenditure per capita (current US$),Greenland,2011,,GRL
Current health expenditure per capita (current US$),Greenland,2012,,GRL
Current health expenditure per capita (current US$),Greenland,2013,,GRL
Current health expenditure per capita (current US$),Greenland,2014,,GRL
Current health expenditure per capita (current US$),Greenland,2015,,GRL
Current health expenditure per capita (current US$),Greenland,2016,,GRL
Current health expenditure per capita (current US$),Greenland,2017,,GRL
Current health expenditure per capita (current US$),Greenland,2018,,GRL
Current health expenditure per capita (current US$),Greenland,2019,,GRL
Current health expenditure per capita (current US$),Hungary,2000,313.1085815,HUN
Current health expenditure per capita (current US$),Hungary,2001,359.6974793,HUN
Current health expenditure per capita (current US$),Hungary,2002,473.1278381,HUN
Current health expenditure per capita (current US$),Hungary,2004,798.4536133,HUN
Current health expenditure per capita (current US$),Hungary,2003,682.8656616,HUN
Current health expenditure per capita (current US$),Hungary,2005,895.2033081,HUN
Current health expenditure per capita (current US$),Hungary,2006,893.2030029,HUN
Current health expenditure per capita (current US$),Hungary,2007,1003.258179,HUN
Current health expenditure per capita (current US$),Hungary,2008,1117.202271,HUN
Current health expenditure per capita (current US$),Hungary,2009,943.6876831,HUN
Current health expenditure per capita (current US$),Hungary,2010,983.1108398,HUN
Current health expenditure per capita (current US$),Hungary,2011,1063.432251,HUN
Current health expenditure per capita (current US$),Hungary,2012,961.1383667,HUN
Current health expenditure per capita (current US$),Hungary,2013,990.6311646,HUN
Current health expenditure per capita (current US$),Hungary,2014,1006.156494,HUN
Current health expenditure per capita (current US$),Hungary,2015,870.5194092,HUN
Current health expenditure per capita (current US$),Hungary,2016,914.1935425,HUN
Current health expenditure per capita (current US$),Hungary,2017,985.7990112,HUN
Current health expenditure per capita (current US$),Hungary,2018,1074.017578,HUN
Current health expenditure per capita (current US$),Hungary,2019,1062.394165,HUN
Current health expenditure per capita (current US$),Iceland,2000,2873.848145,ISL
Current health expenditure per capita (current US$),Iceland,2001,2557.269531,ISL
Current health expenditure per capita (current US$),Iceland,2002,3091.28833,ISL
Current health expenditure per capita (current US$),Iceland,2004,4430.375,ISL
Current health expenditure per capita (current US$),Iceland,2003,3861.736084,ISL
Current health expenditure per capita (current US$),Iceland,2005,5111.64209,ISL
Current health expenditure per capita (current US$),Iceland,2006,4986.397949,ISL
Current health expenditure per capita (current US$),Iceland,2007,5926.807129,ISL
Current health expenditure per capita (current US$),Iceland,2008,4851.421387,ISL
Current health expenditure per capita (current US$),Iceland,2009,3652.208496,ISL
Current health expenditure per capita (current US$),Iceland,2010,3589.555664,ISL
Current health expenditure per capita (current US$),Iceland,2011,3860.030029,ISL
Current health expenditure per capita (current US$),Iceland,2012,3705.946045,ISL
Current health expenditure per capita (current US$),Iceland,2013,4029.233154,ISL
Current health expenditure per capita (current US$),Iceland,2014,4474.549316,ISL
Current health expenditure per capita (current US$),Iceland,2015,4280.490723,ISL
Current health expenditure per capita (current US$),Iceland,2016,5068.100098,ISL
Current health expenditure per capita (current US$),Iceland,2017,6144.546387,ISL
Current health expenditure per capita (current US$),Iceland,2018,6565.879395,ISL
Current health expenditure per capita (current US$),Iceland,2019,6274.959473,ISL
Current health expenditure per capita (current US$),Ireland,2000,1564.837402,IRL
Current health expenditure per capita (current US$),Ireland,2001,1823.734741,IRL
Current health expenditure per capita (current US$),Ireland,2002,2200.357422,IRL
Current health expenditure per capita (current US$),Ireland,2004,3483.160645,IRL
Current health expenditure per capita (current US$),Ireland,2003,2910.932129,IRL
Current health expenditure per capita (current US$),Ireland,2005,3938.191162,IRL
Current health expenditure per capita (current US$),Ireland,2006,4147.132324,IRL
Current health expenditure per capita (current US$),Ireland,2007,4858.64502,IRL
Current health expenditure per capita (current US$),Ireland,2008,5638.779297,IRL
Current health expenditure per capita (current US$),Ireland,2009,5502.887695,IRL
Current health expenditure per capita (current US$),Ireland,2010,5133.455078,IRL
Current health expenditure per capita (current US$),Ireland,2011,5558.296875,IRL
Current health expenditure per capita (current US$),Ireland,2012,5222.044922,IRL
Current health expenditure per capita (current US$),Ireland,2013,5328.579102,IRL
Current health expenditure per capita (current US$),Ireland,2014,5329.980469,IRL
Current health expenditure per capita (current US$),Ireland,2015,4561.38916,IRL
Current health expenditure per capita (current US$),Ireland,2016,4709.168457,IRL
Current health expenditure per capita (current US$),Ireland,2017,5010.256348,IRL
Current health expenditure per capita (current US$),Ireland,2018,5484.221191,IRL
Current health expenditure per capita (current US$),Ireland,2019,5428.588867,IRL
Current health expenditure per capita (current US$),Isle of Man,2000,,IMN
Current health expenditure per capita (current US$),Isle of Man,2001,,IMN
Current health expenditure per capita (current US$),Isle of Man,2002,,IMN
Current health expenditure per capita (current US$),Isle of Man,2004,,IMN
Current health expenditure per capita (current US$),Isle of Man,2003,,IMN
Current health expenditure per capita (current US$),Isle of Man,2005,,IMN
Current health expenditure per capita (current US$),Isle of Man,2006,,IMN
Current health expenditure per capita (current US$),Isle of Man,2007,,IMN
Current health expenditure per capita (current US$),Isle of Man,2008,,IMN
Current health expenditure per capita (current US$),Isle of Man,2009,,IMN
Current health expenditure per capita (current US$),Isle of Man,2010,,IMN
Current health expenditure per capita (current US$),Isle of Man,2011,,IMN
Current health expenditure per capita (current US$),Isle of Man,2012,,IMN
Current health expenditure per capita (current US$),Isle of Man,2013,,IMN
Current health expenditure per capita (current US$),Isle of Man,2014,,IMN
Current health expenditure per capita (current US$),Isle of Man,2015,,IMN
Current health expenditure per capita (current US$),Isle of Man,2016,,IMN
Current health expenditure per capita (current US$),Isle of Man,2017,,IMN
Current health expenditure per capita (current US$),Isle of Man,2018,,IMN
Current health expenditure per capita (current US$),Isle of Man,2019,,IMN
Current health expenditure per capita (current US$),Italy,2000,1524.239624,ITA
Current health expenditure per capita (current US$),Italy,2001,1586.657104,ITA
Current health expenditure per capita (current US$),Italy,2002,1762.537598,ITA
Current health expenditure per capita (current US$),Italy,2004,2565.627441,ITA
Current health expenditure per capita (current US$),Italy,2003,2163.025391,ITA
Current health expenditure per capita (current US$),Italy,2005,2677.552246,ITA
Current health expenditure per capita (current US$),Italy,2006,2832.697754,ITA
Current health expenditure per capita (current US$),Italy,2007,3092.558838,ITA
Current health expenditure per capita (current US$),Italy,2008,3504.111572,ITA
Current health expenditure per capita (current US$),Italy,2009,3337.750732,ITA
Current health expenditure per capita (current US$),Italy,2010,3217.682861,ITA
Current health expenditure per capita (current US$),Italy,2011,3392.012695,ITA
Current health expenditure per capita (current US$),Italy,2012,3086.303223,ITA
Current health expenditure per capita (current US$),Italy,2013,3149.242676,ITA
Current health expenditure per capita (current US$),Italy,2014,3154.275879,ITA
Current health expenditure per capita (current US$),Italy,2015,2675.671631,ITA
Current health expenditure per capita (current US$),Italy,2016,2699.73291,ITA
Current health expenditure per capita (current US$),Italy,2017,2809.721436,ITA
Current health expenditure per capita (current US$),Italy,2018,3000.710938,ITA
Current health expenditure per capita (current US$),Italy,2019,2905.5,ITA
Current health expenditure per capita (current US$),Kosovo,2000,,XKX
Current health expenditure per capita (current US$),Kosovo,2001,,XKX
Current health expenditure per capita (current US$),Kosovo,2002,,XKX
Current health expenditure per capita (current US$),Kosovo,2004,,XKX
Current health expenditure per capita (current US$),Kosovo,2003,,XKX
Current health expenditure per capita (current US$),Kosovo,2005,,XKX
Current health expenditure per capita (current US$),Kosovo,2006,,XKX
Current health expenditure per capita (current US$),Kosovo,2007,,XKX
Current health expenditure per capita (current US$),Kosovo,2008,,XKX
Current health expenditure per capita (current US$),Kosovo,2009,,XKX
Current health expenditure per capita (current US$),Kosovo,2010,,XKX
Current health expenditure per capita (current US$),Kosovo,2011,,XKX
Current health expenditure per capita (current US$),Kosovo,2012,,XKX
Current health expenditure per capita (current US$),Kosovo,2013,,XKX
Current health expenditure per capita (current US$),Kosovo,2014,,XKX
Current health expenditure per capita (current US$),Kosovo,2015,,XKX
Current health expenditure per capita (current US$),Kosovo,2016,,XKX
Current health expenditure per capita (current US$),Kosovo,2017,,XKX
Current health expenditure per capita (current US$),Kosovo,2018,,XKX
Current health expenditure per capita (current US$),Kosovo,2019,,XKX
Current health expenditure per capita (current US$),Latvia,2000,181.5707245,LVA
Current health expenditure per capita (current US$),Latvia,2001,205.0204773,LVA
Current health expenditure per capita (current US$),Latvia,2002,237.295166,LVA
Current health expenditure per capita (current US$),Latvia,2004,393.2980652,LVA
Current health expenditure per capita (current US$),Latvia,2003,280.5087891,LVA
Current health expenditure per capita (current US$),Latvia,2005,440.8097534,LVA
Current health expenditure per capita (current US$),Latvia,2006,552.3015747,LVA
Current health expenditure per capita (current US$),Latvia,2007,775.1915283,LVA
Current health expenditure per capita (current US$),Latvia,2008,913.5214844,LVA
Current health expenditure per capita (current US$),Latvia,2009,744.6616211,LVA
Current health expenditure per capita (current US$),Latvia,2010,689.0772095,LVA
Current health expenditure per capita (current US$),Latvia,2011,764.5917358,LVA
Current health expenditure per capita (current US$),Latvia,2012,745.5174561,LVA
Current health expenditure per capita (current US$),Latvia,2013,807.1300049,LVA
Current health expenditure per capita (current US$),Latvia,2014,856.7665405,LVA
Current health expenditure per capita (current US$),Latvia,2015,775.8643189,LVA
Current health expenditure per capita (current US$),Latvia,2016,874.7977295,LVA
Current health expenditure per capita (current US$),Latvia,2017,932.5015869,LVA
Current health expenditure per capita (current US$),Latvia,2018,1101.492554,LVA
Current health expenditure per capita (current US$),Latvia,2019,1166.797852,LVA
Current health expenditure per capita (current US$),Liechtenstein,2000,,LIE
Current health expenditure per capita (current US$),Liechtenstein,2001,,LIE
Current health expenditure per capita (current US$),Liechtenstein,2002,,LIE
Current health expenditure per capita (current US$),Liechtenstein,2004,,LIE
Current health expenditure per capita (current US$),Liechtenstein,2003,,LIE
Current health expenditure per capita (current US$),Liechtenstein,2005,,LIE
Current health expenditure per capita (current US$),Liechtenstein,2006,,LIE
Current health expenditure per capita (current US$),Liechtenstein,2007,,LIE
Current health expenditure per capita (current US$),Liechtenstein,2008,,LIE
Current health expenditure per capita (current US$),Liechtenstein,2009,,LIE
Current health expenditure per capita (current US$),Liechtenstein,2010,,LIE
Current health expenditure per capita (current US$),Liechtenstein,2011,,LIE
Current health expenditure per capita (current US$),Liechtenstein,2012,,LIE
Current health expenditure per capita (current US$),Liechtenstein,2013,,LIE
Current health expenditure per capita (current US$),Liechtenstein,2014,,LIE
Current health expenditure per capita (current US$),Liechtenstein,2015,,LIE
Current health expenditure per capita (current US$),Liechtenstein,2016,,LIE
Current health expenditure per capita (current US$),Liechtenstein,2017,,LIE
Current health expenditure per capita (current US$),Liechtenstein,2018,,LIE
Current health expenditure per capita (current US$),Liechtenstein,2019,,LIE
Current health expenditure per capita (current US$),Lithuania,2000,217.1761322,LTU
Current health expenditure per capita (current US$),Lithuania,2001,218.8180237,LTU
Current health expenditure per capita (current US$),Lithuania,2002,254.3668823,LTU
Current health expenditure per capita (current US$),Lithuania,2004,366.9596863,LTU
Current health expenditure per capita (current US$),Lithuania,2003,338.8630676,LTU
Current health expenditure per capita (current US$),Lithuania,2005,438.9326782,LTU
Current health expenditure per capita (current US$),Lithuania,2006,536.0573731,LTU
Current health expenditure per capita (current US$),Lithuania,2007,704.2931519,LTU
Current health expenditure per capita (current US$),Lithuania,2008,936.5093384,LTU
Current health expenditure per capita (current US$),Lithuania,2009,864.7363892,LTU
Current health expenditure per capita (current US$),Lithuania,2010,805.2244873,LTU
Current health expenditure per capita (current US$),Lithuania,2011,925.4716187,LTU
Current health expenditure per capita (current US$),Lithuania,2012,896.9370728,LTU
Current health expenditure per capita (current US$),Lithuania,2013,958.9271851,LTU
Current health expenditure per capita (current US$),Lithuania,2014,1021.232971,LTU
Current health expenditure per capita (current US$),Lithuania,2015,920.1997681,LTU
Current health expenditure per capita (current US$),Lithuania,2016,988.5279541,LTU
Current health expenditure per capita (current US$),Lithuania,2017,1083.303345,LTU
Current health expenditure per capita (current US$),Lithuania,2018,1249.031006,LTU
Current health expenditure per capita (current US$),Lithuania,2019,1369.979492,LTU
Current health expenditure per capita (current US$),Luxembourg,2000,2901.199951,LUX
Current health expenditure per capita (current US$),Luxembourg,2001,3109.201416,LUX
Current health expenditure per capita (current US$),Luxembourg,2002,3600.867432,LUX
Current health expenditure per capita (current US$),Luxembourg,2004,5610.353516,LUX
Current health expenditure per capita (current US$),Luxembourg,2003,4607.402832,LUX
Current health expenditure per capita (current US$),Luxembourg,2005,5818.145996,LUX
Current health expenditure per capita (current US$),Luxembourg,2006,6070.73584,LUX
Current health expenditure per capita (current US$),Luxembourg,2007,6671.265137,LUX
Current health expenditure per capita (current US$),Luxembourg,2008,7578.749512,LUX
Current health expenditure per capita (current US$),Luxembourg,2009,7670.59375,LUX
Current health expenditure per capita (current US$),Luxembourg,2010,7459.835449,LUX
Current health expenditure per capita (current US$),Luxembourg,2011,7174.739258,LUX
Current health expenditure per capita (current US$),Luxembourg,2012,6029.475098,LUX
Current health expenditure per capita (current US$),Luxembourg,2013,6356.644531,LUX
Current health expenditure per capita (current US$),Luxembourg,2014,6547.034668,LUX
Current health expenditure per capita (current US$),Luxembourg,2015,5421.932129,LUX
Current health expenditure per capita (current US$),Luxembourg,2016,5475.139648,LUX
Current health expenditure per capita (current US$),Luxembourg,2017,5713.118652,LUX
Current health expenditure per capita (current US$),Luxembourg,2018,6227.083984,LUX
Current health expenditure per capita (current US$),Luxembourg,2019,6220.741211,LUX
Current health expenditure per capita (current US$),Moldova,2000,21.37988472,MDA
Current health expenditure per capita (current US$),Moldova,2001,25.39859009,MDA
Current health expenditure per capita (current US$),Moldova,2002,33.9242363,MDA
Current health expenditure per capita (current US$),Moldova,2004,64.60714722,MDA
Current health expenditure per capita (current US$),Moldova,2003,38.43836975,MDA
Current health expenditure per capita (current US$),Moldova,2005,79.33213043,MDA
Current health expenditure per capita (current US$),Moldova,2006,100.1081619,MDA
Current health expenditure per capita (current US$),Moldova,2007,135.4436646,MDA
Current health expenditure per capita (current US$),Moldova,2008,185.5611572,MDA
Current health expenditure per capita (current US$),Moldova,2009,208.5300446,MDA
Current health expenditure per capita (current US$),Moldova,2010,198.2889404,MDA
Current health expenditure per capita (current US$),Moldova,2011,214.9824677,MDA
Current health expenditure per capita (current US$),Moldova,2012,223.6189575,MDA
Current health expenditure per capita (current US$),Moldova,2013,231.6622925,MDA
Current health expenditure per capita (current US$),Moldova,2014,230.7698212,MDA
Current health expenditure per capita (current US$),Moldova,2015,186.4364319,MDA
Current health expenditure per capita (current US$),Moldova,2016,171.1847687,MDA
Current health expenditure per capita (current US$),Moldova,2017,243.9454041,MDA
Current health expenditure per capita (current US$),Moldova,2018,276.4714356,MDA
Current health expenditure per capita (current US$),Moldova,2019,284.3071289,MDA
Current health expenditure per capita (current US$),Monaco,2000,1408.094238,MCO
Current health expenditure per capita (current US$),Monaco,2001,1431.133911,MCO
Current health expenditure per capita (current US$),Monaco,2002,1560.809448,MCO
Current health expenditure per capita (current US$),Monaco,2004,2570.476807,MCO
Current health expenditure per capita (current US$),Monaco,2003,2214.794922,MCO
Current health expenditure per capita (current US$),Monaco,2005,2628.361084,MCO
Current health expenditure per capita (current US$),Monaco,2006,2706.862793,MCO
Current health expenditure per capita (current US$),Monaco,2007,3039.256592,MCO
Current health expenditure per capita (current US$),Monaco,2008,3573.772705,MCO
Current health expenditure per capita (current US$),Monaco,2009,3523.403564,MCO
Current health expenditure per capita (current US$),Monaco,2010,3509.566162,MCO
Current health expenditure per capita (current US$),Monaco,2011,3677.650635,MCO
Current health expenditure per capita (current US$),Monaco,2012,3520.154541,MCO
Current health expenditure per capita (current US$),Monaco,2013,3818.140137,MCO
Current health expenditure per capita (current US$),Monaco,2014,3947.679199,MCO
Current health expenditure per capita (current US$),Monaco,2015,3366.150146,MCO
Current health expenditure per capita (current US$),Monaco,2016,2765.32959,MCO
Current health expenditure per capita (current US$),Monaco,2017,2751.866943,MCO
Current health expenditure per capita (current US$),Monaco,2018,2968.849121,MCO
Current health expenditure per capita (current US$),Monaco,2019,2905.84375,MCO
Current health expenditure per capita (current US$),Montenegro,2000,,MNE
Current health expenditure per capita (current US$),Montenegro,2001,,MNE
Current health expenditure per capita (current US$),Montenegro,2002,,MNE
Current health expenditure per capita (current US$),Montenegro,2004,,MNE
Current health expenditure per capita (current US$),Montenegro,2003,,MNE
Current health expenditure per capita (current US$),Montenegro,2005,,MNE
Current health expenditure per capita (current US$),Montenegro,2006,,MNE
Current health expenditure per capita (current US$),Montenegro,2007,,MNE
Current health expenditure per capita (current US$),Montenegro,2008,,MNE
Current health expenditure per capita (current US$),Montenegro,2009,,MNE
Current health expenditure per capita (current US$),Montenegro,2010,,MNE
Current health expenditure per capita (current US$),Montenegro,2011,578.4375,MNE
Current health expenditure per capita (current US$),Montenegro,2012,541.6729736,MNE
Current health expenditure per capita (current US$),Montenegro,2013,603.7141113,MNE
Current health expenditure per capita (current US$),Montenegro,2014,585.7900391,MNE
Current health expenditure per capita (current US$),Montenegro,2015,583.2915039,MNE
Current health expenditure per capita (current US$),Montenegro,2016,601.9786987,MNE
Current health expenditure per capita (current US$),Montenegro,2017,616.2849121,MNE
Current health expenditure per capita (current US$),Montenegro,2018,731.4810791,MNE
Current health expenditure per capita (current US$),Montenegro,2019,735.1588745,MNE
Current health expenditure per capita (current US$),Netherlands,2000,2028.159912,NLD
Current health expenditure per capita (current US$),Netherlands,2001,2175.732666,NLD
Current health expenditure per capita (current US$),Netherlands,2002,2544.809082,NLD
Current health expenditure per capita (current US$),Netherlands,2004,3689.429932,NLD
Current health expenditure per capita (current US$),Netherlands,2003,3244.355713,NLD
Current health expenditure per capita (current US$),Netherlands,2005,3823.501465,NLD
Current health expenditure per capita (current US$),Netherlands,2006,4080.232422,NLD
Current health expenditure per capita (current US$),Netherlands,2007,4696.138184,NLD
Current health expenditure per capita (current US$),Netherlands,2008,5382.472168,NLD
Current health expenditure per capita (current US$),Netherlands,2009,5282.73584,NLD
Current health expenditure per capita (current US$),Netherlands,2010,5191.728027,NLD
Current health expenditure per capita (current US$),Netherlands,2011,5562.096191,NLD
Current health expenditure per capita (current US$),Netherlands,2012,5284.686523,NLD
Current health expenditure per capita (current US$),Netherlands,2013,5532.687012,NLD
Current health expenditure per capita (current US$),Netherlands,2014,5601.902344,NLD
Current health expenditure per capita (current US$),Netherlands,2015,4676.562012,NLD
Current health expenditure per capita (current US$),Netherlands,2016,4753.674316,NLD
Current health expenditure per capita (current US$),Netherlands,2017,4934.575195,NLD
Current health expenditure per capita (current US$),Netherlands,2018,5336.984375,NLD
Current health expenditure per capita (current US$),Netherlands,2019,5335.30127,NLD
Current health expenditure per capita (current US$),North Macedonia,2000,164.4736481,MKD
Current health expenditure per capita (current US$),North Macedonia,2001,152.1587219,MKD
Current health expenditure per capita (current US$),North Macedonia,2002,175.036026,MKD
Current health expenditure per capita (current US$),North Macedonia,2004,233.9918213,MKD
Current health expenditure per capita (current US$),North Macedonia,2003,217.2165527,MKD
Current health expenditure per capita (current US$),North Macedonia,2005,233.1067352,MKD
Current health expenditure per capita (current US$),North Macedonia,2006,245.6707306,MKD
Current health expenditure per capita (current US$),North Macedonia,2007,265.3627014,MKD
Current health expenditure per capita (current US$),North Macedonia,2008,314.1453247,MKD
Current health expenditure per capita (current US$),North Macedonia,2009,296.6654053,MKD
Current health expenditure per capita (current US$),North Macedonia,2010,305.2322998,MKD
Current health expenditure per capita (current US$),North Macedonia,2011,329.9504395,MKD
Current health expenditure per capita (current US$),North Macedonia,2012,310.7749939,MKD
Current health expenditure per capita (current US$),North Macedonia,2013,350.2098999,MKD
Current health expenditure per capita (current US$),North Macedonia,2014,343.8786621,MKD
Current health expenditure per capita (current US$),North Macedonia,2015,306.9151001,MKD
Current health expenditure per capita (current US$),North Macedonia,2016,327.4913635,MKD
Current health expenditure per capita (current US$),North Macedonia,2017,358.3068848,MKD
Current health expenditure per capita (current US$),North Macedonia,2018,399.0970764,MKD
Current health expenditure per capita (current US$),North Macedonia,2019,436.8871765,MKD
Current health expenditure per capita (current US$),Norway,2000,2948.931641,NOR
Current health expenditure per capita (current US$),Norway,2001,3099.003418,NOR
Current health expenditure per capita (current US$),Norway,2002,3889.959473,NOR
Current health expenditure per capita (current US$),Norway,2004,5097.344238,NOR
Current health expenditure per capita (current US$),Norway,2003,4632.568359,NOR
Current health expenditure per capita (current US$),Norway,2005,5584.689453,NOR
Current health expenditure per capita (current US$),Norway,2006,5892.987305,NOR
Current health expenditure per capita (current US$),Norway,2007,6895.560547,NOR
Current health expenditure per capita (current US$),Norway,2008,7768.050293,NOR
Current health expenditure per capita (current US$),Norway,2009,7301.959961,NOR
Current health expenditure per capita (current US$),Norway,2010,7859.516113,NOR
Current health expenditure per capita (current US$),Norway,2011,8900.37207,NOR
Current health expenditure per capita (current US$),Norway,2012,8970.120117,NOR
Current health expenditure per capita (current US$),Norway,2013,9241.265625,NOR
Current health expenditure per capita (current US$),Norway,2014,9118.317383,NOR
Current health expenditure per capita (current US$),Norway,2015,7565.549805,NOR
Current health expenditure per capita (current US$),Norway,2016,7496.768555,NOR
Current health expenditure per capita (current US$),Norway,2017,7815.786621,NOR
Current health expenditure per capita (current US$),Norway,2018,8271.858398,NOR
Current health expenditure per capita (current US$),Norway,2019,8007.397949,NOR
Current health expenditure per capita (current US$),Poland,2000,238.0044861,POL
Current health expenditure per capita (current US$),Poland,2001,282.8210449,POL
Current health expenditure per capita (current US$),Poland,2002,315.8314514,POL
Current health expenditure per capita (current US$),Poland,2004,392.0033875,POL
Current health expenditure per capita (current US$),Poland,2003,339.3352051,POL
Current health expenditure per capita (current US$),Poland,2005,465.7001953,POL
Current health expenditure per capita (current US$),Poland,2006,524.0974731,POL
Current health expenditure per capita (current US$),Poland,2007,660.9246826,POL
Current health expenditure per capita (current US$),Poland,2008,892.5968628,POL
Current health expenditure per capita (current US$),Poland,2009,759.6057739,POL
Current health expenditure per capita (current US$),Poland,2010,809.1994019,POL
Current health expenditure per capita (current US$),Poland,2011,866.0946655,POL
Current health expenditure per capita (current US$),Poland,2012,815.1418457,POL
Current health expenditure per capita (current US$),Poland,2013,878.088501,POL
Current health expenditure per capita (current US$),Poland,2014,911.2981567,POL
Current health expenditure per capita (current US$),Poland,2015,803.9596558,POL
Current health expenditure per capita (current US$),Poland,2016,813.4727783,POL
Current health expenditure per capita (current US$),Poland,2017,909.578186,POL
Current health expenditure per capita (current US$),Poland,2018,978.7356567,POL
Current health expenditure per capita (current US$),Poland,2019,1014.038208,POL
Current health expenditure per capita (current US$),Portugal,2000,995.3421021,PRT
Current health expenditure per capita (current US$),Portugal,2001,1015.549683,PRT
Current health expenditure per capita (current US$),Portugal,2002,1139.402954,PRT
Current health expenditure per capita (current US$),Portugal,2004,1723.744019,PRT
Current health expenditure per capita (current US$),Portugal,2003,1443.37793,PRT
Current health expenditure per capita (current US$),Portugal,2005,1814.354492,PRT
Current health expenditure per capita (current US$),Portugal,2006,1857.645142,PRT
Current health expenditure per capita (current US$),Portugal,2007,2112.528809,PRT
Current health expenditure per capita (current US$),Portugal,2008,2391.981201,PRT
Current health expenditure per capita (current US$),Portugal,2009,2346.541992,PRT
Current health expenditure per capita (current US$),Portugal,2010,2259.303711,PRT
Current health expenditure per capita (current US$),Portugal,2011,2255.969238,PRT
Current health expenditure per capita (current US$),Portugal,2012,1980.018677,PRT
Current health expenditure per capita (current US$),Portugal,2013,2030.630127,PRT
Current health expenditure per capita (current US$),Portugal,2014,2059.926514,PRT
Current health expenditure per capita (current US$),Portugal,2015,1790.534058,PRT
Current health expenditure per capita (current US$),Portugal,2016,1875.242188,PRT
Current health expenditure per capita (current US$),Portugal,2017,1998.064697,PRT
Current health expenditure per capita (current US$),Portugal,2018,2216.306641,PRT
Current health expenditure per capita (current US$),Portugal,2019,2221.439209,PRT
Current health expenditure per capita (current US$),Romania,2000,69.89345551,ROU
Current health expenditure per capita (current US$),Romania,2001,78.8175354,ROU
Current health expenditure per capita (current US$),Romania,2002,96.57698822,ROU
Current health expenditure per capita (current US$),Romania,2004,190.7950592,ROU
Current health expenditure per capita (current US$),Romania,2003,143.5455322,ROU
Current health expenditure per capita (current US$),Romania,2005,254.5296173,ROU
Current health expenditure per capita (current US$),Romania,2006,291.0040894,ROU
Current health expenditure per capita (current US$),Romania,2007,415.0679016,ROU
Current health expenditure per capita (current US$),Romania,2008,521.3156128,ROU
Current health expenditure per capita (current US$),Romania,2009,449.3769226,ROU
Current health expenditure per capita (current US$),Romania,2010,472.2075195,ROU
Current health expenditure per capita (current US$),Romania,2011,426.5997315,ROU
Current health expenditure per capita (current US$),Romania,2012,401.671051,ROU
Current health expenditure per capita (current US$),Romania,2013,495.2362366,ROU
Current health expenditure per capita (current US$),Romania,2014,503.3475342,ROU
Current health expenditure per capita (current US$),Romania,2015,442.240387,ROU
Current health expenditure per capita (current US$),Romania,2016,476.2450562,ROU
Current health expenditure per capita (current US$),Romania,2017,555.1130981,ROU
Current health expenditure per capita (current US$),Romania,2018,687.1541138,ROU
Current health expenditure per capita (current US$),Romania,2019,738.5581665,ROU
Current health expenditure per capita (current US$),Russian Federation,2000,95.4120636,RUS
Current health expenditure per capita (current US$),Russian Federation,2001,118.1094894,RUS
Current health expenditure per capita (current US$),Russian Federation,2002,140.7553864,RUS
Current health expenditure per capita (current US$),Russian Federation,2004,209.1970978,RUS
Current health expenditure per capita (current US$),Russian Federation,2003,164.6477356,RUS
Current health expenditure per capita (current US$),Russian Federation,2005,271.884613,RUS
Current health expenditure per capita (current US$),Russian Federation,2006,352.5519409,RUS
Current health expenditure per capita (current US$),Russian Federation,2007,461.5053101,RUS
Current health expenditure per capita (current US$),Russian Federation,2008,609.1602173,RUS
Current health expenditure per capita (current US$),Russian Federation,2009,515.8544922,RUS
Current health expenditure per capita (current US$),Russian Federation,2010,566.0908814,RUS
Current health expenditure per capita (current US$),Russian Federation,2011,682.6605835,RUS
Current health expenditure per capita (current US$),Russian Federation,2012,757.0445557,RUS
Current health expenditure per capita (current US$),Russian Federation,2013,807.0765381,RUS
Current health expenditure per capita (current US$),Russian Federation,2014,737.649231,RUS
Current health expenditure per capita (current US$),Russian Federation,2015,498.0559692,RUS
Current health expenditure per capita (current US$),Russian Federation,2016,464.8977661,RUS
Current health expenditure per capita (current US$),Russian Federation,2017,579.6721802,RUS
Current health expenditure per capita (current US$),Russian Federation,2018,609.0091553,RUS
Current health expenditure per capita (current US$),Russian Federation,2019,653.4172363,RUS
Current health expenditure per capita (current US$),San Marino,2000,2141.73999,SMR
Current health expenditure per capita (current US$),San Marino,2001,2168.833252,SMR
Current health expenditure per capita (current US$),San Marino,2002,2219.18335,SMR
Current health expenditure per capita (current US$),San Marino,2004,2910.730469,SMR
Current health expenditure per capita (current US$),San Marino,2003,2465.887207,SMR
Current health expenditure per capita (current US$),San Marino,2005,3005.063721,SMR
Current health expenditure per capita (current US$),San Marino,2006,3188.147461,SMR
Current health expenditure per capita (current US$),San Marino,2007,3745.049316,SMR
Current health expenditure per capita (current US$),San Marino,2008,4311.380859,SMR
Current health expenditure per capita (current US$),San Marino,2009,4181.435547,SMR
Current health expenditure per capita (current US$),San Marino,2010,3983.750977,SMR
Current health expenditure per capita (current US$),San Marino,2011,4237.541016,SMR
Current health expenditure per capita (current US$),San Marino,2012,3974.922119,SMR
Current health expenditure per capita (current US$),San Marino,2013,3984.168701,SMR
Current health expenditure per capita (current US$),San Marino,2014,3825.480713,SMR
Current health expenditure per capita (current US$),San Marino,2015,3061.563232,SMR
Current health expenditure per capita (current US$),San Marino,2016,2950.001953,SMR
Current health expenditure per capita (current US$),San Marino,2017,3278.898438,SMR
Current health expenditure per capita (current US$),San Marino,2018,3388.47876,SMR
Current health expenditure per capita (current US$),San Marino,2019,3050.918213,SMR
Current health expenditure per capita (current US$),Serbia,2000,56.50500107,SRB
Current health expenditure per capita (current US$),Serbia,2001,112.2206345,SRB
Current health expenditure per capita (current US$),Serbia,2002,173.2553253,SRB
Current health expenditure per capita (current US$),Serbia,2004,274.4553223,SRB
Current health expenditure per capita (current US$),Serbia,2003,230.0886536,SRB
Current health expenditure per capita (current US$),Serbia,2005,307.5470581,SRB
Current health expenditure per capita (current US$),Serbia,2006,371.5060425,SRB
Current health expenditure per capita (current US$),Serbia,2007,547.2272339,SRB
Current health expenditure per capita (current US$),Serbia,2008,671.8870239,SRB
Current health expenditure per capita (current US$),Serbia,2009,575.262146,SRB
Current health expenditure per capita (current US$),Serbia,2010,545.3338013,SRB
Current health expenditure per capita (current US$),Serbia,2011,618.8942261,SRB
Current health expenditure per capita (current US$),Serbia,2012,559.9053955,SRB
Current health expenditure per capita (current US$),Serbia,2013,627.53302,SRB
Current health expenditure per capita (current US$),Serbia,2014,608.8585815,SRB
Current health expenditure per capita (current US$),Serbia,2015,491.25177,SRB
Current health expenditure per capita (current US$),Serbia,2016,486.4294434,SRB
Current health expenditure per capita (current US$),Serbia,2017,515.8458862,SRB
Current health expenditure per capita (current US$),Serbia,2018,617.0865479,SRB
Current health expenditure per capita (current US$),Serbia,2019,641.0250244,SRB
Current health expenditure per capita (current US$),Slovak Republic,2000,203.5062714,SVK
Current health expenditure per capita (current US$),Slovak Republic,2001,212.2220764,SVK
Current health expenditure per capita (current US$),Slovak Republic,2002,254.127655,SVK
Current health expenditure per capita (current US$),Slovak Republic,2004,511.5298767,SVK
Current health expenditure per capita (current US$),Slovak Republic,2003,344.4733582,SVK
Current health expenditure per capita (current US$),Slovak Republic,2005,601.3132324,SVK
Current health expenditure per capita (current US$),Slovak Republic,2006,729.0132446,SVK
Current health expenditure per capita (current US$),Slovak Republic,2007,1029.300415,SVK
Current health expenditure per capita (current US$),Slovak Republic,2008,1251.677246,SVK
Current health expenditure per capita (current US$),Slovak Republic,2009,1320.093018,SVK
Current health expenditure per capita (current US$),Slovak Republic,2010,1296.542847,SVK
Current health expenditure per capita (current US$),Slovak Republic,2011,1352.438354,SVK
Current health expenditure per capita (current US$),Slovak Republic,2012,1319.438354,SVK
Current health expenditure per capita (current US$),Slovak Republic,2013,1370.467651,SVK
Current health expenditure per capita (current US$),Slovak Republic,2014,1289.348389,SVK
Current health expenditure per capita (current US$),Slovak Republic,2015,1108.878174,SVK
Current health expenditure per capita (current US$),Slovak Republic,2016,1175.597046,SVK
Current health expenditure per capita (current US$),Slovak Republic,2017,1189.072266,SVK
Current health expenditure per capita (current US$),Slovak Republic,2018,1299.911377,SVK
Current health expenditure per capita (current US$),Slovak Republic,2019,1342.074829,SVK
Current health expenditure per capita (current US$),Slovenia,2000,796.6470337,SVN
Current health expenditure per capita (current US$),Slovenia,2001,826.225769,SVN
Current health expenditure per capita (current US$),Slovenia,2002,944.8713989,SVN
Current health expenditure per capita (current US$),Slovenia,2004,1368.648682,SVN
Current health expenditure per capita (current US$),Slovenia,2003,1203.063477,SVN
Current health expenditure per capita (current US$),Slovenia,2005,1449.189209,SVN
Current health expenditure per capita (current US$),Slovenia,2006,1541.664307,SVN
Current health expenditure per capita (current US$),Slovenia,2007,1795.950439,SVN
Current health expenditure per capita (current US$),Slovenia,2008,2179.452393,SVN
Current health expenditure per capita (current US$),Slovenia,2009,2125.056885,SVN
Current health expenditure per capita (current US$),Slovenia,2010,2017.146606,SVN
Current health expenditure per capita (current US$),Slovenia,2011,2147.805176,SVN
Current health expenditure per capita (current US$),Slovenia,2012,1974.854004,SVN
Current health expenditure per capita (current US$),Slovenia,2013,2055.381348,SVN
Current health expenditure per capita (current US$),Slovenia,2014,2062.384766,SVN
Current health expenditure per capita (current US$),Slovenia,2015,1775.86084,SVN
Current health expenditure per capita (current US$),Slovenia,2016,1835.407349,SVN
Current health expenditure per capita (current US$),Slovenia,2017,1925.03479,SVN
Current health expenditure per capita (current US$),Slovenia,2018,2169.579102,SVN
Current health expenditure per capita (current US$),Slovenia,2019,2219.100586,SVN
Current health expenditure per capita (current US$),Spain,2000,1005.283997,ESP
Current health expenditure per capita (current US$),Spain,2001,1045.050659,ESP
Current health expenditure per capita (current US$),Spain,2002,1174.579346,ESP
Current health expenditure per capita (current US$),Spain,2004,1924.445313,ESP
Current health expenditure per capita (current US$),Spain,2003,1641.058716,ESP
Current health expenditure per capita (current US$),Spain,2005,2060.330811,ESP
Current health expenditure per capita (current US$),Spain,2006,2242.178223,ESP
Current health expenditure per capita (current US$),Spain,2007,2606.178955,ESP
Current health expenditure per capita (current US$),Spain,2008,2995.049805,ESP
Current health expenditure per capita (current US$),Spain,2009,2937.534424,ESP
Current health expenditure per capita (current US$),Spain,2010,2789.533936,ESP
Current health expenditure per capita (current US$),Spain,2011,2909.117676,ESP
Current health expenditure per capita (current US$),Spain,2012,2591.016113,ESP
Current health expenditure per capita (current US$),Spain,2013,2629.605469,ESP
Current health expenditure per capita (current US$),Spain,2014,2679.629395,ESP
Current health expenditure per capita (current US$),Spain,2015,2349.054443,ESP
Current health expenditure per capita (current US$),Spain,2016,2376.721191,ESP
Current health expenditure per capita (current US$),Spain,2017,2526.720459,ESP
Current health expenditure per capita (current US$),Spain,2018,2740.269287,ESP
Current health expenditure per capita (current US$),Spain,2019,2711.192871,ESP
Current health expenditure per capita (current US$),Sweden,2000,2173.193848,SWE
Current health expenditure per capita (current US$),Sweden,2001,2155.854248,SWE
Current health expenditure per capita (current US$),Sweden,2002,2459.098389,SWE
Current health expenditure per capita (current US$),Sweden,2004,3488.172852,SWE
Current health expenditure per capita (current US$),Sweden,2003,3110.199707,SWE
Current health expenditure per capita (current US$),Sweden,2005,3547.633301,SWE
Current health expenditure per capita (current US$),Sweden,2006,3765.397461,SWE
Current health expenditure per capita (current US$),Sweden,2007,4310.32666,SWE
Current health expenditure per capita (current US$),Sweden,2008,4627.563965,SWE
Current health expenditure per capita (current US$),Sweden,2009,4136.17334,SWE
Current health expenditure per capita (current US$),Sweden,2010,4416.145508,SWE
Current health expenditure per capita (current US$),Sweden,2011,6351.216797,SWE
Current health expenditure per capita (current US$),Sweden,2012,6254.442383,SWE
Current health expenditure per capita (current US$),Sweden,2013,6696.87207,SWE
Current health expenditure per capita (current US$),Sweden,2014,6605.911621,SWE
Current health expenditure per capita (current US$),Sweden,2015,5598.681641,SWE
Current health expenditure per capita (current US$),Sweden,2016,5680.725586,SWE
Current health expenditure per capita (current US$),Sweden,2017,5837.770508,SWE
Current health expenditure per capita (current US$),Sweden,2018,6005.065918,SWE
Current health expenditure per capita (current US$),Sweden,2019,5671.385742,SWE
Current health expenditure per capita (current US$),Switzerland,2000,3559.819824,CHE
Current health expenditure per capita (current US$),Switzerland,2001,3763.384521,CHE
Current health expenditure per capita (current US$),Switzerland,2002,4211.729492,CHE
Current health expenditure per capita (current US$),Switzerland,2004,5608.703125,CHE
Current health expenditure per capita (current US$),Switzerland,2003,5018.527344,CHE
Current health expenditure per capita (current US$),Switzerland,2005,5673.94043,CHE
Current health expenditure per capita (current US$),Switzerland,2006,5671.981445,CHE
Current health expenditure per capita (current US$),Switzerland,2007,6154.703125,CHE
Current health expenditure per capita (current US$),Switzerland,2008,7120.651855,CHE
Current health expenditure per capita (current US$),Switzerland,2009,7297.379883,CHE
Current health expenditure per capita (current US$),Switzerland,2010,7705.175781,CHE
Current health expenditure per capita (current US$),Switzerland,2011,9191.958984,CHE
Current health expenditure per capita (current US$),Switzerland,2012,8917.119141,CHE
Current health expenditure per capita (current US$),Switzerland,2013,9275.798828,CHE
Current health expenditure per capita (current US$),Switzerland,2014,9578.645508,CHE
Current health expenditure per capita (current US$),Switzerland,2015,9382.791016,CHE
Current health expenditure per capita (current US$),Switzerland,2016,9439.424805,CHE
Current health expenditure per capita (current US$),Switzerland,2017,9606.349609,CHE
Current health expenditure per capita (current US$),Switzerland,2018,9870.664063,CHE
Current health expenditure per capita (current US$),Switzerland,2019,9666.337891,CHE
Current health expenditure per capita (current US$),Turkiye,2000,199.4993744,TUR
Current health expenditure per capita (current US$),Turkiye,2001,153.6227417,TUR
Current health expenditure per capita (current US$),Turkiye,2002,186.6913757,TUR
Current health expenditure per capita (current US$),Turkiye,2004,299.5606384,TUR
Current health expenditure per capita (current US$),Turkiye,2003,238.6871796,TUR
Current health expenditure per capita (current US$),Turkiye,2005,364.9080505,TUR
Current health expenditure per capita (current US$),Turkiye,2006,416.9285278,TUR
Current health expenditure per capita (current US$),Turkiye,2007,512.8482666,TUR
Current health expenditure per capita (current US$),Turkiye,2008,570.8589478,TUR
Current health expenditure per capita (current US$),Turkiye,2009,500.1930542,TUR
Current health expenditure per capita (current US$),Turkiye,2010,539.3271484,TUR
Current health expenditure per capita (current US$),Turkiye,2011,531.4185791,TUR
Current health expenditure per capita (current US$),Turkiye,2012,524.2503052,TUR
Current health expenditure per capita (current US$),Turkiye,2013,551.4012451,TUR
Current health expenditure per capita (current US$),Turkiye,2014,525.8447266,TUR
Current health expenditure per capita (current US$),Turkiye,2015,453.1164856,TUR
Current health expenditure per capita (current US$),Turkiye,2016,466.7947998,TUR
Current health expenditure per capita (current US$),Turkiye,2017,442.6176148,TUR
Current health expenditure per capita (current US$),Turkiye,2018,389.8655701,TUR
Current health expenditure per capita (current US$),Turkiye,2019,396.4668274,TUR
Current health expenditure per capita (current US$),Ukraine,2000,35.13175964,UKR
Current health expenditure per capita (current US$),Ukraine,2001,44.7864418,UKR
Current health expenditure per capita (current US$),Ukraine,2002,52.87649155,UKR
Current health expenditure per capita (current US$),Ukraine,2004,84.58253479,UKR
Current health expenditure per capita (current US$),Ukraine,2003,68.91546631,UKR
Current health expenditure per capita (current US$),Ukraine,2005,116.3311691,UKR
Current health expenditure per capita (current US$),Ukraine,2006,148.3751068,UKR
Current health expenditure per capita (current US$),Ukraine,2007,185.9115601,UKR
Current health expenditure per capita (current US$),Ukraine,2008,215.7867737,UKR
Current health expenditure per capita (current US$),Ukraine,2009,168.286438,UKR
Current health expenditure per capita (current US$),Ukraine,2010,202.3408661,UKR
Current health expenditure per capita (current US$),Ukraine,2011,243.7808228,UKR
Current health expenditure per capita (current US$),Ukraine,2012,275.2192688,UKR
Current health expenditure per capita (current US$),Ukraine,2013,280.9766846,UKR
Current health expenditure per capita (current US$),Ukraine,2014,212.7696991,UKR
Current health expenditure per capita (current US$),Ukraine,2015,157.5774841,UKR
Current health expenditure per capita (current US$),Ukraine,2016,157.5377045,UKR
Current health expenditure per capita (current US$),Ukraine,2017,187.3952179,UKR
Current health expenditure per capita (current US$),Ukraine,2018,222.4753571,UKR
Current health expenditure per capita (current US$),Ukraine,2019,248.1334839,UKR
Current health expenditure per capita (current US$),United Kingdom,2000,2029.524902,GBR
Current health expenditure per capita (current US$),United Kingdom,2001,2101.836426,GBR
Current health expenditure per capita (current US$),United Kingdom,2002,2386.212402,GBR
Current health expenditure per capita (current US$),United Kingdom,2004,3384.605225,GBR
Current health expenditure per capita (current US$),United Kingdom,2003,2796.341064,GBR
Current health expenditure per capita (current US$),United Kingdom,2005,3552.643066,GBR
Current health expenditure per capita (current US$),United Kingdom,2006,3842.675781,GBR
Current health expenditure per capita (current US$),United Kingdom,2007,4450.128906,GBR
Current health expenditure per capita (current US$),United Kingdom,2008,4301.116699,GBR
Current health expenditure per capita (current US$),United Kingdom,2009,3841.878906,GBR
Current health expenditure per capita (current US$),United Kingdom,2010,3904.50708,GBR
Current health expenditure per capita (current US$),United Kingdom,2011,4156.577148,GBR
Current health expenditure per capita (current US$),United Kingdom,2012,4222.084961,GBR
Current health expenditure per capita (current US$),United Kingdom,2013,4344.668457,GBR
Current health expenditure per capita (current US$),United Kingdom,2014,4740.110352,GBR
Current health expenditure per capita (current US$),United Kingdom,2015,4477.285645,GBR
Current health expenditure per capita (current US$),United Kingdom,2016,4067.175781,GBR
Current health expenditure per capita (current US$),United Kingdom,2017,3966.05835,GBR
Current health expenditure per capita (current US$),United Kingdom,2018,4270.221191,GBR
Current health expenditure per capita (current US$),United Kingdom,2019,4312.88916,GBR