Indicator,ParentLocationCode,ParentLocation,Location type,SpatialDimValueCode,Location,Period type,Period,Value
"Medical doctors (per 10,000)",EUR,Europe,Country,ALB,Albania,Year,2019,16.47
"Medical doctors (per 10,000)",EUR,Europe,Country,MNE,Montenegro,Year,2019,27.2
"Medical doctors (per 10,000)",EUR,Europe,Country,GBR,United Kingdom of Great Britain and Northern Ireland,Year,2019,29.09
"Medical doctors (per 10,000)",EUR,Europe,Country,BEL,Belgium,Year,2019,31.5
"Medical doctors (per 10,000)",EUR,Europe,Country,LVA,Latvia,Year,2019,32.8
"Medical doctors (per 10,000)",EUR,Europe,Country,IRL,Ireland,Year,2019,33.52
"Medical doctors (per 10,000)",EUR,Europe,Country,HUN,Hungary,Year,2019,35.25
"Medical doctors (per 10,000)",EUR,Europe,Country,NLD,Netherlands,Year,2019,37.69
"Medical doctors (per 10,000)",EUR,Europe,Country,ITA,Italy,Year,2019,39.96
"Medical doctors (per 10,000)",EUR,Europe,Country,CZE,Czechia,Year,2019,40.6
"Medical doctors (per 10,000)",EUR,Europe,Country,RUS,Russian Federation,Year,2019,41.83
"Medical doctors (per 10,000)",EUR,Europe,Country,CHE,Switzerland,Year,2019,43.42
"Medical doctors (per 10,000)",EUR,Europe,Country,DEU,Germany,Year,2019,43.72
"Medical doctors (per 10,000)",EUR,Europe,Country,LTU,Lithuania,Year,2019,46.27
"Medical doctors (per 10,000)",EUR,Europe,Country,NOR,Norway,Year,2019,49.4
"Medical doctors (per 10,000)",EUR,Europe,Country,AUT,Austria,Year,2019,52.73
"Medical doctors (per 10,000)",EUR,Europe,Country,ALB,Albania,Year,2018,21.58
"Medical doctors (per 10,000)",EUR,Europe,Country,MNE,Montenegro,Year,2018,27.56
"Medical doctors (per 10,000)",EUR,Europe,Country,GBR,United Kingdom of Great Britain and Northern Ireland,Year,2018,28.04
"Medical doctors (per 10,000)",EUR,Europe,Country,BEL,Belgium,Year,2018,31.15
"Medical doctors (per 10,000)",EUR,Europe,Country,SVN,Slovenia,Year,2018,31.72
"Medical doctors (per 10,000)",EUR,Europe,Country,FRA,France,Year,2018,32.4
"Medical doctors (per 10,000)",EUR,Europe,Country,LVA,Latvia,Year,2018,33.02
"Medical doctors (per 10,000)",EUR,Europe,Country,IRL,Ireland,Year,2018,33.13
"Medical doctors (per 10,000)",EUR,Europe,Country,HRV,Croatia,Year,2018,33.86
"Medical doctors (per 10,000)",EUR,Europe,Country,HUN,Hungary,Year,2018,34.08
"Medical doctors (per 10,000)",EUR,Europe,Country,EST,Estonia,Year,2018,34.81
"Medical doctors (per 10,000)",EUR,Europe,Country,SVK,Slovakia,Year,2018,35.17
"Medical doctors (per 10,000)",EUR,Europe,Country,NLD,Netherlands,Year,2018,37.09
"Medical doctors (per 10,000)",EUR,Europe,Country,ITA,Italy,Year,2018,39.64
"Medical doctors (per 10,000)",EUR,Europe,Country,CZE,Czechia,Year,2018,40.24
"Medical doctors (per 10,000)",EUR,Europe,Country,ESP,Spain,Year,2018,40.3
"Medical doctors (per 10,000)",EUR,Europe,Country,ISL,Iceland,Year,2018,40.78
"Medical doctors (per 10,000)",EUR,Europe,Country,RUS,Russian Federation,Year,2018,41.17
"Medical doctors (per 10,000)",EUR,Europe,Country,DEU,Germany,Year,2018,43
"Medical doctors (per 10,000)",EUR,Europe,Country,CHE,Switzerland,Year,2018,43.33
"Medical doctors (per 10,000)",EUR,Europe,Country,SWE,Sweden,Year,2018,44.06
"Medical doctors (per 10,000)",EUR,Europe,Country,BLR,Belarus,Year,2018,44.99
"Medical doctors (per 10,000)",EUR,Europe,Country,LTU,Lithuania,Year,2018,45.98
"Medical doctors (per 10,000)",EUR,Europe,Country,NOR,Norway,Year,2018,48.34
"Medical doctors (per 10,000)",EUR,Europe,Country,AUT,Austria,Year,2018,52.11
"Medical doctors (per 10,000)",EUR,Europe,Country,PRT,Portugal,Year,2018,53.12
"Medical doctors (per 10,000)",EUR,Europe,Country,GRC,Greece,Year,2018,62.26
"Medical doctors (per 10,000)",EUR,Europe,Country,POL,Poland,Year,2017,23.79
"Medical doctors (per 10,000)",EUR,Europe,Country,MNE,Montenegro,Year,2017,26.43
"Medical doctors (per 10,000)",EUR,Europe,Country,GBR,United Kingdom of Great Britain and Northern Ireland,Year,2017,27.83
"Medical doctors (per 10,000)",EUR,Europe,Country,BEL,Belgium,Year,2017,30.71
"Medical doctors (per 10,000)",EUR,Europe,Country,SVN,Slovenia,Year,2017,30.86
"Medical doctors (per 10,000)",EUR,Europe,Country,LVA,Latvia,Year,2017,31.91
"Medical doctors (per 10,000)",EUR,Europe,Country,FRA,France,Year,2017,32.39
"Medical doctors (per 10,000)",EUR,Europe,Country,IRL,Ireland,Year,2017,32.95
"Medical doctors (per 10,000)",EUR,Europe,Country,HRV,Croatia,Year,2017,33.2
"Medical doctors (per 10,000)",EUR,Europe,Country,HUN,Hungary,Year,2017,33.45
"Medical doctors (per 10,000)",EUR,Europe,Country,SVK,Slovakia,Year,2017,34.16
"Medical doctors (per 10,000)",EUR,Europe,Country,EST,Estonia,Year,2017,34.63
"Medical doctors (per 10,000)",EUR,Europe,Country,NLD,Netherlands,Year,2017,36.27
"Medical doctors (per 10,000)",EUR,Europe,Country,ESP,Spain,Year,2017,38.72
"Medical doctors (per 10,000)",EUR,Europe,Country,ISL,Iceland,Year,2017,39.77
"Medical doctors (per 10,000)",EUR,Europe,Country,ITA,Italy,Year,2017,39.81
"Medical doctors (per 10,000)",EUR,Europe,Country,CZE,Czechia,Year,2017,40.68
"Medical doctors (per 10,000)",EUR,Europe,Country,RUS,Russian Federation,Year,2017,40.76
"Medical doctors (per 10,000)",EUR,Europe,Country,DNK,Denmark,Year,2017,41.32
"Medical doctors (per 10,000)",EUR,Europe,Country,DEU,Germany,Year,2017,42.49
"Medical doctors (per 10,000)",EUR,Europe,Country,CHE,Switzerland,Year,2017,42.96
"Medical doctors (per 10,000)",EUR,Europe,Country,SWE,Sweden,Year,2017,43.34
"Medical doctors (per 10,000)",EUR,Europe,Country,BLR,Belarus,Year,2017,44.48
"Medical doctors (per 10,000)",EUR,Europe,Country,LTU,Lithuania,Year,2017,45.29
"Medical doctors (per 10,000)",EUR,Europe,Country,FIN,Finland,Year,2017,45.89
"Medical doctors (per 10,000)",EUR,Europe,Country,NOR,Norway,Year,2017,47.18
"Medical doctors (per 10,000)",EUR,Europe,Country,PRT,Portugal,Year,2017,51.24
"Medical doctors (per 10,000)",EUR,Europe,Country,AUT,Austria,Year,2017,51.7
"Medical doctors (per 10,000)",EUR,Europe,Country,GRC,Greece,Year,2017,61.73
"Medical doctors (per 10,000)",EUR,Europe,Country,ALB,Albania,Year,2016,12.16
"Medical doctors (per 10,000)",EUR,Europe,Country,ROU,Romania,Year,2016,22.57
"Medical doctors (per 10,000)",EUR,Europe,Country,POL,Poland,Year,2016,24.15
"Medical doctors (per 10,000)",EUR,Europe,Country,MNE,Montenegro,Year,2016,25.76
"Medical doctors (per 10,000)",EUR,Europe,Country,GBR,United Kingdom of Great Britain and Northern Ireland,Year,2016,27.56
"Medical doctors (per 10,000)",EUR,Europe,Country,LUX,Luxembourg,Year,2016,29.05
"Medical doctors (per 10,000)",EUR,Europe,Country,SVN,Slovenia,Year,2016,30.01
"Medical doctors (per 10,000)",EUR,Europe,Country,BEL,Belgium,Year,2016,30.68
"Medical doctors (per 10,000)",EUR,Europe,Country,LVA,Latvia,Year,2016,31.89
"Medical doctors (per 10,000)",EUR,Europe,Country,HRV,Croatia,Year,2016,32.09
"Medical doctors (per 10,000)",EUR,Europe,Country,FRA,France,Year,2016,32.21
"Medical doctors (per 10,000)",EUR,Europe,Country,HUN,Hungary,Year,2016,32.31
"Medical doctors (per 10,000)",EUR,Europe,Country,IRL,Ireland,Year,2016,32.32
"Medical doctors (per 10,000)",EUR,Europe,Country,EST,Estonia,Year,2016,34.55
"Medical doctors (per 10,000)",EUR,Europe,Country,SVK,Slovakia,Year,2016,34.66
"Medical doctors (per 10,000)",EUR,Europe,Country,NLD,Netherlands,Year,2016,35.47
"Medical doctors (per 10,000)",EUR,Europe,Country,ESP,Spain,Year,2016,38.11
"Medical doctors (per 10,000)",EUR,Europe,Country,ISL,Iceland,Year,2016,38.89
"Medical doctors (per 10,000)",EUR,Europe,Country,ITA,Italy,Year,2016,39.5
"Medical doctors (per 10,000)",EUR,Europe,Country,RUS,Russian Federation,Year,2016,39.78
"Medical doctors (per 10,000)",EUR,Europe,Country,DNK,Denmark,Year,2016,40.1
"Medical doctors (per 10,000)",EUR,Europe,Country,CZE,Czechia,Year,2016,40.19
"Medical doctors (per 10,000)",EUR,Europe,Country,DEU,Germany,Year,2016,41.94
"Medical doctors (per 10,000)",EUR,Europe,Country,CHE,Switzerland,Year,2016,42.47
"Medical doctors (per 10,000)",EUR,Europe,Country,SWE,Sweden,Year,2016,42.71
"Medical doctors (per 10,000)",EUR,Europe,Country,BLR,Belarus,Year,2016,43.95
"Medical doctors (per 10,000)",EUR,Europe,Country,LTU,Lithuania,Year,2016,44.34
"Medical doctors (per 10,000)",EUR,Europe,Country,FIN,Finland,Year,2016,45.34
"Medical doctors (per 10,000)",EUR,Europe,Country,NOR,Norway,Year,2016,45.68
"Medical doctors (per 10,000)",EUR,Europe,Country,PRT,Portugal,Year,2016,49.4
"Medical doctors (per 10,000)",EUR,Europe,Country,AUT,Austria,Year,2016,51.23
"Medical doctors (per 10,000)",EUR,Europe,Country,GRC,Greece,Year,2016,62.15
"Medical doctors (per 10,000)",EUR,Europe,Country,POL,Poland,Year,2015,23.25
"Medical doctors (per 10,000)",EUR,Europe,Country,MNE,Montenegro,Year,2015,23.76
"Medical doctors (per 10,000)",EUR,Europe,Country,SRB,Serbia,Year,2015,24.6
"Medical doctors (per 10,000)",EUR,Europe,Country,GBR,United Kingdom of Great Britain and Northern Ireland,Year,2015,27.47
"Medical doctors (per 10,000)",EUR,Europe,Country,SVN,Slovenia,Year,2015,28.15
"Medical doctors (per 10,000)",EUR,Europe,Country,LUX,Luxembourg,Year,2015,29.22
"Medical doctors (per 10,000)",EUR,Europe,Country,BEL,Belgium,Year,2015,30.14
"Medical doctors (per 10,000)",EUR,Europe,Country,HUN,Hungary,Year,2015,31.18
"Medical doctors (per 10,000)",EUR,Europe,Country,IRL,Ireland,Year,2015,31.52
"Medical doctors (per 10,000)",EUR,Europe,Country,LVA,Latvia,Year,2015,31.66
"Medical doctors (per 10,000)",EUR,Europe,Country,HRV,Croatia,Year,2015,31.73
"Medical doctors (per 10,000)",EUR,Europe,Country,FRA,France,Year,2015,32.07
"Medical doctors (per 10,000)",EUR,Europe,Country,FIN,Finland,Year,2015,33.31
"Medical doctors (per 10,000)",EUR,Europe,Country,EST,Estonia,Year,2015,34.15
"Medical doctors (per 10,000)",EUR,Europe,Country,SVK,Slovakia,Year,2015,34.44
"Medical doctors (per 10,000)",EUR,Europe,Country,NLD,Netherlands,Year,2015,34.92
"Medical doctors (per 10,000)",EUR,Europe,Country,ISL,Iceland,Year,2015,37.83
"Medical doctors (per 10,000)",EUR,Europe,Country,ESP,Spain,Year,2015,38.27
"Medical doctors (per 10,000)",EUR,Europe,Country,ITA,Italy,Year,2015,38.48
"Medical doctors (per 10,000)",EUR,Europe,Country,DNK,Denmark,Year,2015,39.26
"Medical doctors (per 10,000)",EUR,Europe,Country,RUS,Russian Federation,Year,2015,39.33
"Medical doctors (per 10,000)",EUR,Europe,Country,CZE,Czechia,Year,2015,39.52
"Medical doctors (per 10,000)",EUR,Europe,Country,BGR,Bulgaria,Year,2015,40.33
"Medical doctors (per 10,000)",EUR,Europe,Country,DEU,Germany,Year,2015,41.34
"Medical doctors (per 10,000)",EUR,Europe,Country,SWE,Sweden,Year,2015,41.9
"Medical doctors (per 10,000)",EUR,Europe,Country,CHE,Switzerland,Year,2015,41.9
"Medical doctors (per 10,000)",EUR,Europe,Country,LTU,Lithuania,Year,2015,42.99
"Medical doctors (per 10,000)",EUR,Europe,Country,NOR,Norway,Year,2015,44.43
"Medical doctors (per 10,000)",EUR,Europe,Country,PRT,Portugal,Year,2015,47.49
"Medical doctors (per 10,000)",EUR,Europe,Country,AUT,Austria,Year,2015,51.04
"Medical doctors (per 10,000)",EUR,Europe,Country,BLR,Belarus,Year,2015,51.91
"Medical doctors (per 10,000)",EUR,Europe,Country,GRC,Greece,Year,2015,59.91
"Medical doctors (per 10,000)",EUR,Europe,Country,BIH,Bosnia and Herzegovina,Year,2014,21.33
"Medical doctors (per 10,000)",EUR,Europe,Country,MNE,Montenegro,Year,2014,21.86
"Medical doctors (per 10,000)",EUR,Europe,Country,POL,Poland,Year,2014,23.02
"Medical doctors (per 10,000)",EUR,Europe,Country,SRB,Serbia,Year,2014,24.61
"Medical doctors (per 10,000)",EUR,Europe,Country,MLT,Malta,Year,2014,26.59
"Medical doctors (per 10,000)",EUR,Europe,Country,GBR,United Kingdom of Great Britain and Northern Ireland,Year,2014,27.15
"Medical doctors (per 10,000)",EUR,Europe,Country,SVN,Slovenia,Year,2014,27.63
"Medical doctors (per 10,000)",EUR,Europe,Country,LUX,Luxembourg,Year,2014,28.89
"Medical doctors (per 10,000)",EUR,Europe,Country,BEL,Belgium,Year,2014,29.72
"Medical doctors (per 10,000)",EUR,Europe,Country,IRL,Ireland,Year,2014,30.32
"Medical doctors (per 10,000)",EUR,Europe,Country,HRV,Croatia,Year,2014,31.26
"Medical doctors (per 10,000)",EUR,Europe,Country,LVA,Latvia,Year,2014,31.72
"Medical doctors (per 10,000)",EUR,Europe,Country,FRA,France,Year,2014,31.94
"Medical doctors (per 10,000)",EUR,Europe,Country,HUN,Hungary,Year,2014,33.44
"Medical doctors (per 10,000)",EUR,Europe,Country,EST,Estonia,Year,2014,33.56
"Medical doctors (per 10,000)",EUR,Europe,Country,FIN,Finland,Year,2014,33.92
"Medical doctors (per 10,000)",EUR,Europe,Country,NLD,Netherlands,Year,2014,34.19
"Medical doctors (per 10,000)",EUR,Europe,Country,SVK,Slovakia,Year,2014,34.21
"Medical doctors (per 10,000)",EUR,Europe,Country,ISL,Iceland,Year,2014,36.31
"Medical doctors (per 10,000)",EUR,Europe,Country,ESP,Spain,Year,2014,37.77
"Medical doctors (per 10,000)",EUR,Europe,Country,DNK,Denmark,Year,2014,38.63
"Medical doctors (per 10,000)",EUR,Europe,Country,ITA,Italy,Year,2014,39.05
"Medical doctors (per 10,000)",EUR,Europe,Country,CZE,Czechia,Year,2014,39.35
"Medical doctors (per 10,000)",EUR,Europe,Country,BGR,Bulgaria,Year,2014,39.75
"Medical doctors (per 10,000)",EUR,Europe,Country,DEU,Germany,Year,2014,40.85
"Medical doctors (per 10,000)",EUR,Europe,Country,SWE,Sweden,Year,2014,41.12
"Medical doctors (per 10,000)",EUR,Europe,Country,CHE,Switzerland,Year,2014,41.17
"Medical doctors (per 10,000)",EUR,Europe,Country,RUS,Russian Federation,Year,2014,41.27
"Medical doctors (per 10,000)",EUR,Europe,Country,LTU,Lithuania,Year,2014,42.51
"Medical doctors (per 10,000)",EUR,Europe,Country,NOR,Norway,Year,2014,44.25
"Medical doctors (per 10,000)",EUR,Europe,Country,PRT,Portugal,Year,2014,45.57
"Medical doctors (per 10,000)",EUR,Europe,Country,BLR,Belarus,Year,2014,50.12
"Medical doctors (per 10,000)",EUR,Europe,Country,AUT,Austria,Year,2014,50.36
"Medical doctors (per 10,000)",EUR,Europe,Country,GRC,Greece,Year,2014,59.72
"Medical doctors (per 10,000)",EUR,Europe,Country,ALB,Albania,Year,2013,12.77
"Medical doctors (per 10,000)",EUR,Europe,Country,BIH,Bosnia and Herzegovina,Year,2013,20.36
"Medical doctors (per 10,000)",EUR,Europe,Country,MNE,Montenegro,Year,2013,21.52
"Medical doctors (per 10,000)",EUR,Europe,Country,POL,Poland,Year,2013,22.34
"Medical doctors (per 10,000)",EUR,Europe,Country,MLT,Malta,Year,2013,24.6
"Medical doctors (per 10,000)",EUR,Europe,Country,SRB,Serbia,Year,2013,24.95
"Medical doctors (per 10,000)",EUR,Europe,Country,ROU,Romania,Year,2013,26.24
"Medical doctors (per 10,000)",EUR,Europe,Country,SVN,Slovenia,Year,2013,26.25
"Medical doctors (per 10,000)",EUR,Europe,Country,GBR,United Kingdom of Great Britain and Northern Ireland,Year,2013,26.77
"Medical doctors (per 10,000)",EUR,Europe,Country,LUX,Luxembourg,Year,2013,28.33
"Medical doctors (per 10,000)",EUR,Europe,Country,BEL,Belgium,Year,2013,29.59
"Medical doctors (per 10,000)",EUR,Europe,Country,HRV,Croatia,Year,2013,30.18
"Medical doctors (per 10,000)",EUR,Europe,Country,LVA,Latvia,Year,2013,31.41
"Medical doctors (per 10,000)",EUR,Europe,Country,FRA,France,Year,2013,31.81
"Medical doctors (per 10,000)",EUR,Europe,Country,HUN,Hungary,Year,2013,32.28
"Medical doctors (per 10,000)",EUR,Europe,Country,FIN,Finland,Year,2013,32.97
"Medical doctors (per 10,000)",EUR,Europe,Country,NLD,Netherlands,Year,2013,33.06
"Medical doctors (per 10,000)",EUR,Europe,Country,EST,Estonia,Year,2013,33.32
"Medical doctors (per 10,000)",EUR,Europe,Country,SVK,Slovakia,Year,2013,33.86
"Medical doctors (per 10,000)",EUR,Europe,Country,UKR,Ukraine,Year,2013,34.97
"Medical doctors (per 10,000)",EUR,Europe,Country,ISL,Iceland,Year,2013,35.7
"Medical doctors (per 10,000)",EUR,Europe,Country,CZE,Czechia,Year,2013,36.63
"Medical doctors (per 10,000)",EUR,Europe,Country,ESP,Spain,Year,2013,37.86
"Medical doctors (per 10,000)",EUR,Europe,Country,DNK,Denmark,Year,2013,38.34
"Medical doctors (per 10,000)",EUR,Europe,Country,ITA,Italy,Year,2013,39.04
"Medical doctors (per 10,000)",EUR,Europe,Country,IRL,Ireland,Year,2013,39.35
"Medical doctors (per 10,000)",EUR,Europe,Country,BGR,Bulgaria,Year,2013,39.63
"Medical doctors (per 10,000)",EUR,Europe,Country,RUS,Russian Federation,Year,2013,39.95
"Medical doctors (per 10,000)",EUR,Europe,Country,DEU,Germany,Year,2013,40.09
"Medical doctors (per 10,000)",EUR,Europe,Country,CHE,Switzerland,Year,2013,40.3
"Medical doctors (per 10,000)",EUR,Europe,Country,SWE,Sweden,Year,2013,40.37
"Medical doctors (per 10,000)",EUR,Europe,Country,LTU,Lithuania,Year,2013,42.04
"Medical doctors (per 10,000)",EUR,Europe,Country,NOR,Norway,Year,2013,43.06
"Medical doctors (per 10,000)",EUR,Europe,Country,PRT,Portugal,Year,2013,43.93
"Medical doctors (per 10,000)",EUR,Europe,Country,BLR,Belarus,Year,2013,48.53
"Medical doctors (per 10,000)",EUR,Europe,Country,AUT,Austria,Year,2013,49.74
"Medical doctors (per 10,000)",EUR,Europe,Country,SMR,San Marino,Year,2013,50.31
"Medical doctors (per 10,000)",EUR,Europe,Country,GRC,Greece,Year,2013,59.34
"Medical doctors (per 10,000)",EUR,Europe,Country,MCO,Monaco,Year,2013,77.78
"Medical doctors (per 10,000)",EUR,Europe,Country,ALB,Albania,Year,2012,12.68
"Medical doctors (per 10,000)",EUR,Europe,Country,BIH,Bosnia and Herzegovina,Year,2012,19.49
"Medical doctors (per 10,000)",EUR,Europe,Country,MNE,Montenegro,Year,2012,20.39
"Medical doctors (per 10,000)",EUR,Europe,Country,POL,Poland,Year,2012,22.24
"Medical doctors (per 10,000)",EUR,Europe,Country,MLT,Malta,Year,2012,23.57
"Medical doctors (per 10,000)",EUR,Europe,Country,SRB,Serbia,Year,2012,24.96
"Medical doctors (per 10,000)",EUR,Europe,Country,SVN,Slovenia,Year,2012,25.41
"Medical doctors (per 10,000)",EUR,Europe,Country,ROU,Romania,Year,2012,25.89
"Medical doctors (per 10,000)",EUR,Europe,Country,GBR,United Kingdom of Great Britain and Northern Ireland,Year,2012,26.67
"Medical doctors (per 10,000)",EUR,Europe,Country,LUX,Luxembourg,Year,2012,28.05
"Medical doctors (per 10,000)",EUR,Europe,Country,BEL,Belgium,Year,2012,29.39
"Medical doctors (per 10,000)",EUR,Europe,Country,HRV,Croatia,Year,2012,29.73
"Medical doctors (per 10,000)",EUR,Europe,Country,LVA,Latvia,Year,2012,30.91
"Medical doctors (per 10,000)",EUR,Europe,Country,HUN,Hungary,Year,2012,31.06
"Medical doctors (per 10,000)",EUR,Europe,Country,FRA,France,Year,2012,31.64
"Medical doctors (per 10,000)",EUR,Europe,Country,NLD,Netherlands,Year,2012,32.46
"Medical doctors (per 10,000)",EUR,Europe,Country,EST,Estonia,Year,2012,32.82
"Medical doctors (per 10,000)",EUR,Europe,Country,FIN,Finland,Year,2012,32.85
"Medical doctors (per 10,000)",EUR,Europe,Country,SVK,Slovakia,Year,2012,33.6
"Medical doctors (per 10,000)",EUR,Europe,Country,UKR,Ukraine,Year,2012,34.91
"Medical doctors (per 10,000)",EUR,Europe,Country,ISL,Iceland,Year,2012,35.07
"Medical doctors (per 10,000)",EUR,Europe,Country,CZE,Czechia,Year,2012,36.5
"Medical doctors (per 10,000)",EUR,Europe,Country,ESP,Spain,Year,2012,38
"Medical doctors (per 10,000)",EUR,Europe,Country,DNK,Denmark,Year,2012,38.24
"Medical doctors (per 10,000)",EUR,Europe,Country,ITA,Italy,Year,2012,38.51
"Medical doctors (per 10,000)",EUR,Europe,Country,BGR,Bulgaria,Year,2012,39
"Medical doctors (per 10,000)",EUR,Europe,Country,CHE,Switzerland,Year,2012,39.1
"Medical doctors (per 10,000)",EUR,Europe,Country,DEU,Germany,Year,2012,39.2
"Medical doctors (per 10,000)",EUR,Europe,Country,IRL,Ireland,Year,2012,39.42
"Medical doctors (per 10,000)",EUR,Europe,Country,SWE,Sweden,Year,2012,39.59
"Medical doctors (per 10,000)",EUR,Europe,Country,RUS,Russian Federation,Year,2012,40.12
"Medical doctors (per 10,000)",EUR,Europe,Country,LTU,Lithuania,Year,2012,41.38
"Medical doctors (per 10,000)",EUR,Europe,Country,NOR,Norway,Year,2012,42.36
"Medical doctors (per 10,000)",EUR,Europe,Country,PRT,Portugal,Year,2012,42.36
"Medical doctors (per 10,000)",EUR,Europe,Country,BLR,Belarus,Year,2012,48.35
"Medical doctors (per 10,000)",EUR,Europe,Country,AUT,Austria,Year,2012,48.86
"Medical doctors (per 10,000)",EUR,Europe,Country,SMR,San Marino,Year,2012,51.09
"Medical doctors (per 10,000)",EUR,Europe,Country,GRC,Greece,Year,2012,59.21
"Medical doctors (per 10,000)",EUR,Europe,Country,MCO,Monaco,Year,2012,64.38
"Medical doctors (per 10,000)",EUR,Europe,Country,ALB,Albania,Year,2011,12.22
"Medical doctors (per 10,000)",EUR,Europe,Country,BIH,Bosnia and Herzegovina,Year,2011,18.79
"Medical doctors (per 10,000)",EUR,Europe,Country,MNE,Montenegro,Year,2011,20.13
"Medical doctors (per 10,000)",EUR,Europe,Country,POL,Poland,Year,2011,22
"Medical doctors (per 10,000)",EUR,Europe,Country,MLT,Malta,Year,2011,22.38
"Medical doctors (per 10,000)",EUR,Europe,Country,SVN,Slovenia,Year,2011,24.97
"Medical doctors (per 10,000)",EUR,Europe,Country,SRB,Serbia,Year,2011,25
"Medical doctors (per 10,000)",EUR,Europe,Country,ROU,Romania,Year,2011,25.15
"Medical doctors (per 10,000)",EUR,Europe,Country,GBR,United Kingdom of Great Britain and Northern Ireland,Year,2011,26.6
"Medical doctors (per 10,000)",EUR,Europe,Country,LUX,Luxembourg,Year,2011,27.61
"Medical doctors (per 10,000)",EUR,Europe,Country,HRV,Croatia,Year,2011,28.96
"Medical doctors (per 10,000)",EUR,Europe,Country,BEL,Belgium,Year,2011,29.22
"Medical doctors (per 10,000)",EUR,Europe,Country,HUN,Hungary,Year,2011,29.81
"Medical doctors (per 10,000)",EUR,Europe,Country,LVA,Latvia,Year,2011,30.84
"Medical doctors (per 10,000)",EUR,Europe,Country,NLD,Netherlands,Year,2011,31.24
"Medical doctors (per 10,000)",EUR,Europe,Country,FRA,France,Year,2011,31.49
"Medical doctors (per 10,000)",EUR,Europe,Country,FIN,Finland,Year,2011,32.64
"Medical doctors (per 10,000)",EUR,Europe,Country,EST,Estonia,Year,2011,32.93
"Medical doctors (per 10,000)",EUR,Europe,Country,SVK,Slovakia,Year,2011,33
"Medical doctors (per 10,000)",EUR,Europe,Country,ISL,Iceland,Year,2011,34.56
"Medical doctors (per 10,000)",EUR,Europe,Country,UKR,Ukraine,Year,2011,34.84
"Medical doctors (per 10,000)",EUR,Europe,Country,CZE,Czechia,Year,2011,36.13
"Medical doctors (per 10,000)",EUR,Europe,Country,DNK,Denmark,Year,2011,37.81
"Medical doctors (per 10,000)",EUR,Europe,Country,ESP,Spain,Year,2011,38.07
"Medical doctors (per 10,000)",EUR,Europe,Country,CHE,Switzerland,Year,2011,38.36
"Medical doctors (per 10,000)",EUR,Europe,Country,BGR,Bulgaria,Year,2011,38.47
"Medical doctors (per 10,000)",EUR,Europe,Country,DEU,Germany,Year,2011,38.49
"Medical doctors (per 10,000)",EUR,Europe,Country,SWE,Sweden,Year,2011,38.82
"Medical doctors (per 10,000)",EUR,Europe,Country,ITA,Italy,Year,2011,38.85
"Medical doctors (per 10,000)",EUR,Europe,Country,LTU,Lithuania,Year,2011,40.24
"Medical doctors (per 10,000)",EUR,Europe,Country,IRL,Ireland,Year,2011,40.94
"Medical doctors (per 10,000)",EUR,Europe,Country,PRT,Portugal,Year,2011,41.18
"Medical doctors (per 10,000)",EUR,Europe,Country,NOR,Norway,Year,2011,41.92
"Medical doctors (per 10,000)",EUR,Europe,Country,RUS,Russian Federation,Year,2011,42.3
"Medical doctors (per 10,000)",EUR,Europe,Country,BLR,Belarus,Year,2011,47.61
"Medical doctors (per 10,000)",EUR,Europe,Country,AUT,Austria,Year,2011,48.4
"Medical doctors (per 10,000)",EUR,Europe,Country,SMR,San Marino,Year,2011,48.9
"Medical doctors (per 10,000)",EUR,Europe,Country,GRC,Greece,Year,2011,59.23
"Medical doctors (per 10,000)",EUR,Europe,Country,MCO,Monaco,Year,2011,64.17
"Medical doctors (per 10,000)",EUR,Europe,Country,ALB,Albania,Year,2010,12.35
"Medical doctors (per 10,000)",EUR,Europe,Country,BIH,Bosnia and Herzegovina,Year,2010,17.99
"Medical doctors (per 10,000)",EUR,Europe,Country,MNE,Montenegro,Year,2010,20.44
"Medical doctors (per 10,000)",EUR,Europe,Country,MLT,Malta,Year,2010,21.53
"Medical doctors (per 10,000)",EUR,Europe,Country,POL,Poland,Year,2010,21.71
"Medical doctors (per 10,000)",EUR,Europe,Country,SVN,Slovenia,Year,2010,24.37
"Medical doctors (per 10,000)",EUR,Europe,Country,ROU,Romania,Year,2010,24.8
"Medical doctors (per 10,000)",EUR,Europe,Country,SRB,Serbia,Year,2010,24.82
"Medical doctors (per 10,000)",EUR,Europe,Country,GBR,United Kingdom of Great Britain and Northern Ireland,Year,2010,26.27
"Medical doctors (per 10,000)",EUR,Europe,Country,LUX,Luxembourg,Year,2010,27.68
"Medical doctors (per 10,000)",EUR,Europe,Country,HRV,Croatia,Year,2010,28.43
"Medical doctors (per 10,000)",EUR,Europe,Country,HUN,Hungary,Year,2010,28.9
"Medical doctors (per 10,000)",EUR,Europe,Country,BEL,Belgium,Year,2010,29.09
"Medical doctors (per 10,000)",EUR,Europe,Country,NLD,Netherlands,Year,2010,29.52
"Medical doctors (per 10,000)",EUR,Europe,Country,LVA,Latvia,Year,2010,30.76
"Medical doctors (per 10,000)",EUR,Europe,Country,EST,Estonia,Year,2010,32.42
"Medical doctors (per 10,000)",EUR,Europe,Country,FIN,Finland,Year,2010,32.65
"Medical doctors (per 10,000)",EUR,Europe,Country,SVK,Slovakia,Year,2010,33.51
"Medical doctors (per 10,000)",EUR,Europe,Country,FRA,France,Year,2010,33.74
"Medical doctors (per 10,000)",EUR,Europe,Country,UKR,Ukraine,Year,2010,34.83
"Medical doctors (per 10,000)",EUR,Europe,Country,ISL,Iceland,Year,2010,35.65
"Medical doctors (per 10,000)",EUR,Europe,Country,CZE,Czechia,Year,2010,35.74
"Medical doctors (per 10,000)",EUR,Europe,Country,DNK,Denmark,Year,2010,37.21
"Medical doctors (per 10,000)",EUR,Europe,Country,ESP,Spain,Year,2010,37.3
"Medical doctors (per 10,000)",EUR,Europe,Country,DEU,Germany,Year,2010,37.57
"Medical doctors (per 10,000)",EUR,Europe,Country,BGR,Bulgaria,Year,2010,37.66
"Medical doctors (per 10,000)",EUR,Europe,Country,SWE,Sweden,Year,2010,38.03
"Medical doctors (per 10,000)",EUR,Europe,Country,ITA,Italy,Year,2010,38.16
"Medical doctors (per 10,000)",EUR,Europe,Country,CHE,Switzerland,Year,2010,38.17
"Medical doctors (per 10,000)",EUR,Europe,Country,LTU,Lithuania,Year,2010,39.14
"Medical doctors (per 10,000)",EUR,Europe,Country,PRT,Portugal,Year,2010,39.76
"Medical doctors (per 10,000)",EUR,Europe,Country,NOR,Norway,Year,2010,41.17
"Medical doctors (per 10,000)",EUR,Europe,Country,IRL,Ireland,Year,2010,41.33
"Medical doctors (per 10,000)",EUR,Europe,Country,AUT,Austria,Year,2010,48.02
"Medical doctors (per 10,000)",EUR,Europe,Country,RUS,Russian Federation,Year,2010,49.89
"Medical doctors (per 10,000)",EUR,Europe,Country,GRC,Greece,Year,2010,58.81
"Medical doctors (per 10,000)",EUR,Europe,Country,ALB,Albania,Year,2009,12.3
"Medical doctors (per 10,000)",EUR,Europe,Country,BIH,Bosnia and Herzegovina,Year,2009,17.38
"Medical doctors (per 10,000)",EUR,Europe,Country,MLT,Malta,Year,2009,19.17
"Medical doctors (per 10,000)",EUR,Europe,Country,MNE,Montenegro,Year,2009,21.03
"Medical doctors (per 10,000)",EUR,Europe,Country,POL,Poland,Year,2009,21.59
"Medical doctors (per 10,000)",EUR,Europe,Country,SVN,Slovenia,Year,2009,24.17
"Medical doctors (per 10,000)",EUR,Europe,Country,ROU,Romania,Year,2009,24.41
"Medical doctors (per 10,000)",EUR,Europe,Country,SRB,Serbia,Year,2009,24.47
"Medical doctors (per 10,000)",EUR,Europe,Country,GBR,United Kingdom of Great Britain and Northern Ireland,Year,2009,26.28
"Medical doctors (per 10,000)",EUR,Europe,Country,LUX,Luxembourg,Year,2009,27.17
"Medical doctors (per 10,000)",EUR,Europe,Country,HRV,Croatia,Year,2009,27.21
"Medical doctors (per 10,000)",EUR,Europe,Country,NLD,Netherlands,Year,2009,29.06
"Medical doctors (per 10,000)",EUR,Europe,Country,BEL,Belgium,Year,2009,29.08
"Medical doctors (per 10,000)",EUR,Europe,Country,HUN,Hungary,Year,2009,30.4
"Medical doctors (per 10,000)",EUR,Europe,Country,FIN,Finland,Year,2009,30.86
"Medical doctors (per 10,000)",EUR,Europe,Country,AND,Andorra,Year,2009,31.48
"Medical doctors (per 10,000)",EUR,Europe,Country,LVA,Latvia,Year,2009,31.49
"Medical doctors (per 10,000)",EUR,Europe,Country,EST,Estonia,Year,2009,32.77
"Medical doctors (per 10,000)",EUR,Europe,Country,SVK,Slovakia,Year,2009,32.95
"Medical doctors (per 10,000)",EUR,Europe,Country,FRA,France,Year,2009,33.69
"Medical doctors (per 10,000)",EUR,Europe,Country,UKR,Ukraine,Year,2009,34.9
"Medical doctors (per 10,000)",EUR,Europe,Country,CZE,Czechia,Year,2009,35.61
"Medical doctors (per 10,000)",EUR,Europe,Country,ESP,Spain,Year,2009,35.81
"Medical doctors (per 10,000)",EUR,Europe,Country,DNK,Denmark,Year,2009,36.49
"Medical doctors (per 10,000)",EUR,Europe,Country,DEU,Germany,Year,2009,36.64
"Medical doctors (per 10,000)",EUR,Europe,Country,ISL,Iceland,Year,2009,36.76
"Medical doctors (per 10,000)",EUR,Europe,Country,BGR,Bulgaria,Year,2009,37.4
"Medical doctors (per 10,000)",EUR,Europe,Country,SWE,Sweden,Year,2009,37.45
"Medical doctors (per 10,000)",EUR,Europe,Country,ITA,Italy,Year,2009,37.9
"Medical doctors (per 10,000)",EUR,Europe,Country,PRT,Portugal,Year,2009,38.48
"Medical doctors (per 10,000)",EUR,Europe,Country,CHE,Switzerland,Year,2009,38.48
"Medical doctors (per 10,000)",EUR,Europe,Country,LTU,Lithuania,Year,2009,38.49
"Medical doctors (per 10,000)",EUR,Europe,Country,IRL,Ireland,Year,2009,40.39
"Medical doctors (per 10,000)",EUR,Europe,Country,NOR,Norway,Year,2009,40.5
"Medical doctors (per 10,000)",EUR,Europe,Country,AUT,Austria,Year,2009,47.06
"Medical doctors (per 10,000)",EUR,Europe,Country,RUS,Russian Federation,Year,2009,49.63
"Medical doctors (per 10,000)",EUR,Europe,Country,GRC,Greece,Year,2009,58.7
"Medical doctors (per 10,000)",EUR,Europe,Country,BIH,Bosnia and Herzegovina,Year,2008,16.71
"Medical doctors (per 10,000)",EUR,Europe,Country,MNE,Montenegro,Year,2008,21.12
"Medical doctors (per 10,000)",EUR,Europe,Country,POL,Poland,Year,2008,21.48
"Medical doctors (per 10,000)",EUR,Europe,Country,SVN,Slovenia,Year,2008,23.99
"Medical doctors (per 10,000)",EUR,Europe,Country,ROU,Romania,Year,2008,24.13
"Medical doctors (per 10,000)",EUR,Europe,Country,SRB,Serbia,Year,2008,24.22
"Medical doctors (per 10,000)",EUR,Europe,Country,GBR,United Kingdom of Great Britain and Northern Ireland,Year,2008,25.54
"Medical doctors (per 10,000)",EUR,Europe,Country,HRV,Croatia,Year,2008,27.11
"Medical doctors (per 10,000)",EUR,Europe,Country,LUX,Luxembourg,Year,2008,27.36
"Medical doctors (per 10,000)",EUR,Europe,Country,NLD,Netherlands,Year,2008,28.49
"Medical doctors (per 10,000)",EUR,Europe,Country,BEL,Belgium,Year,2008,29.02
"Medical doctors (per 10,000)",EUR,Europe,Country,FIN,Finland,Year,2008,30.62
"Medical doctors (per 10,000)",EUR,Europe,Country,HUN,Hungary,Year,2008,31.05
"Medical doctors (per 10,000)",EUR,Europe,Country,UKR,Ukraine,Year,2008,31.18
"Medical doctors (per 10,000)",EUR,Europe,Country,LVA,Latvia,Year,2008,32.42
"Medical doctors (per 10,000)",EUR,Europe,Country,EST,Estonia,Year,2008,33.35
"Medical doctors (per 10,000)",EUR,Europe,Country,MLT,Malta,Year,2008,33.55
"Medical doctors (per 10,000)",EUR,Europe,Country,SVK,Slovakia,Year,2008,33.56
"Medical doctors (per 10,000)",EUR,Europe,Country,FRA,France,Year,2008,34.16
"Medical doctors (per 10,000)",EUR,Europe,Country,ESP,Spain,Year,2008,35.36
"Medical doctors (per 10,000)",EUR,Europe,Country,CZE,Czechia,Year,2008,35.42
"Medical doctors (per 10,000)",EUR,Europe,Country,DNK,Denmark,Year,2008,35.77
"Medical doctors (per 10,000)",EUR,Europe,Country,DEU,Germany,Year,2008,35.86
"Medical doctors (per 10,000)",EUR,Europe,Country,BGR,Bulgaria,Year,2008,36.49
"Medical doctors (per 10,000)",EUR,Europe,Country,SWE,Sweden,Year,2008,36.76
"Medical doctors (per 10,000)",EUR,Europe,Country,ISL,Iceland,Year,2008,37.18
"Medical doctors (per 10,000)",EUR,Europe,Country,PRT,Portugal,Year,2008,37.41
"Medical doctors (per 10,000)",EUR,Europe,Country,ITA,Italy,Year,2008,37.81
"Medical doctors (per 10,000)",EUR,Europe,Country,CHE,Switzerland,Year,2008,38.3
"Medical doctors (per 10,000)",EUR,Europe,Country,LTU,Lithuania,Year,2008,38.64
"Medical doctors (per 10,000)",EUR,Europe,Country,NOR,Norway,Year,2008,39.53
"Medical doctors (per 10,000)",EUR,Europe,Country,IRL,Ireland,Year,2008,40.14
"Medical doctors (per 10,000)",EUR,Europe,Country,AUT,Austria,Year,2008,46.17
"Medical doctors (per 10,000)",EUR,Europe,Country,RUS,Russian Federation,Year,2008,49.13
"Medical doctors (per 10,000)",EUR,Europe,Country,GRC,Greece,Year,2008,57.29
"Medical doctors (per 10,000)",EUR,Europe,Country,ALB,Albania,Year,2007,11.95
"Medical doctors (per 10,000)",EUR,Europe,Country,BIH,Bosnia and Herzegovina,Year,2007,16.43
"Medical doctors (per 10,000)",EUR,Europe,Country,MNE,Montenegro,Year,2007,19.9
"Medical doctors (per 10,000)",EUR,Europe,Country,POL,Poland,Year,2007,21.78
"Medical doctors (per 10,000)",EUR,Europe,Country,ROU,Romania,Year,2007,22.92
"Medical doctors (per 10,000)",EUR,Europe,Country,SRB,Serbia,Year,2007,23.45
"Medical doctors (per 10,000)",EUR,Europe,Country,SVN,Slovenia,Year,2007,23.93
"Medical doctors (per 10,000)",EUR,Europe,Country,GBR,United Kingdom of Great Britain and Northern Ireland,Year,2007,24.84
"Medical doctors (per 10,000)",EUR,Europe,Country,HRV,Croatia,Year,2007,27.05
"Medical doctors (per 10,000)",EUR,Europe,Country,LUX,Luxembourg,Year,2007,27.23
"Medical doctors (per 10,000)",EUR,Europe,Country,NLD,Netherlands,Year,2007,27.72
"Medical doctors (per 10,000)",EUR,Europe,Country,HUN,Hungary,Year,2007,28.12
"Medical doctors (per 10,000)",EUR,Europe,Country,BEL,Belgium,Year,2007,28.86
"Medical doctors (per 10,000)",EUR,Europe,Country,AND,Andorra,Year,2007,30.11
"Medical doctors (per 10,000)",EUR,Europe,Country,FIN,Finland,Year,2007,30.35
"Medical doctors (per 10,000)",EUR,Europe,Country,UKR,Ukraine,Year,2007,30.89
"Medical doctors (per 10,000)",EUR,Europe,Country,LVA,Latvia,Year,2007,31.46
"Medical doctors (per 10,000)",EUR,Europe,Country,EST,Estonia,Year,2007,32.51
"Medical doctors (per 10,000)",EUR,Europe,Country,SVK,Slovakia,Year,2007,33.75
"Medical doctors (per 10,000)",EUR,Europe,Country,FRA,France,Year,2007,34.19
"Medical doctors (per 10,000)",EUR,Europe,Country,DNK,Denmark,Year,2007,34.53
"Medical doctors (per 10,000)",EUR,Europe,Country,DEU,Germany,Year,2007,35.29
"Medical doctors (per 10,000)",EUR,Europe,Country,ESP,Spain,Year,2007,35.45
"Medical doctors (per 10,000)",EUR,Europe,Country,CZE,Czechia,Year,2007,35.54
"Medical doctors (per 10,000)",EUR,Europe,Country,SWE,Sweden,Year,2007,36.21
"Medical doctors (per 10,000)",EUR,Europe,Country,PRT,Portugal,Year,2007,36.48
"Medical doctors (per 10,000)",EUR,Europe,Country,BGR,Bulgaria,Year,2007,36.8
"Medical doctors (per 10,000)",EUR,Europe,Country,ISL,Iceland,Year,2007,36.89
"Medical doctors (per 10,000)",EUR,Europe,Country,ITA,Italy,Year,2007,37.75
"Medical doctors (per 10,000)",EUR,Europe,Country,CHE,Switzerland,Year,2007,37.92
"Medical doctors (per 10,000)",EUR,Europe,Country,NOR,Norway,Year,2007,38.36
"Medical doctors (per 10,000)",EUR,Europe,Country,LTU,Lithuania,Year,2007,38.51
"Medical doctors (per 10,000)",EUR,Europe,Country,IRL,Ireland,Year,2007,38.99
"Medical doctors (per 10,000)",EUR,Europe,Country,AUT,Austria,Year,2007,45.53
"Medical doctors (per 10,000)",EUR,Europe,Country,RUS,Russian Federation,Year,2007,49.37
"Medical doctors (per 10,000)",EUR,Europe,Country,GRC,Greece,Year,2007,55.94
"Medical doctors (per 10,000)",EUR,Europe,Country,ALB,Albania,Year,2006,11.84
"Medical doctors (per 10,000)",EUR,Europe,Country,BIH,Bosnia and Herzegovina,Year,2006,15.75
"Medical doctors (per 10,000)",EUR,Europe,Country,MNE,Montenegro,Year,2006,19.92
"Medical doctors (per 10,000)",EUR,Europe,Country,POL,Poland,Year,2006,21.67
"Medical doctors (per 10,000)",EUR,Europe,Country,ROU,Romania,Year,2006,22.1
"Medical doctors (per 10,000)",EUR,Europe,Country,SRB,Serbia,Year,2006,22.86
"Medical doctors (per 10,000)",EUR,Europe,Country,SVN,Slovenia,Year,2006,23.67
"Medical doctors (per 10,000)",EUR,Europe,Country,GBR,United Kingdom of Great Britain and Northern Ireland,Year,2006,24.59
"Medical doctors (per 10,000)",EUR,Europe,Country,HRV,Croatia,Year,2006,25.74
"Medical doctors (per 10,000)",EUR,Europe,Country,LUX,Luxembourg,Year,2006,26.16
"Medical doctors (per 10,000)",EUR,Europe,Country,NLD,Netherlands,Year,2006,27.79
"Medical doctors (per 10,000)",EUR,Europe,Country,BEL,Belgium,Year,2006,28.66
"Medical doctors (per 10,000)",EUR,Europe,Country,AND,Andorra,Year,2006,30.12
"Medical doctors (per 10,000)",EUR,Europe,Country,LVA,Latvia,Year,2006,30.2
"Medical doctors (per 10,000)",EUR,Europe,Country,FIN,Finland,Year,2006,30.26
"Medical doctors (per 10,000)",EUR,Europe,Country,HUN,Hungary,Year,2006,30.41
"Medical doctors (per 10,000)",EUR,Europe,Country,UKR,Ukraine,Year,2006,30.84
"Medical doctors (per 10,000)",EUR,Europe,Country,SVK,Slovakia,Year,2006,31.56
"Medical doctors (per 10,000)",EUR,Europe,Country,EST,Estonia,Year,2006,31.76
"Medical doctors (per 10,000)",EUR,Europe,Country,DNK,Denmark,Year,2006,34.19
"Medical doctors (per 10,000)",EUR,Europe,Country,FRA,France,Year,2006,34.36
"Medical doctors (per 10,000)",EUR,Europe,Country,DEU,Germany,Year,2006,34.75
"Medical doctors (per 10,000)",EUR,Europe,Country,SWE,Sweden,Year,2006,35.38
"Medical doctors (per 10,000)",EUR,Europe,Country,CZE,Czechia,Year,2006,35.53
"Medical doctors (per 10,000)",EUR,Europe,Country,PRT,Portugal,Year,2006,35.65
"Medical doctors (per 10,000)",EUR,Europe,Country,ESP,Spain,Year,2006,35.98
"Medical doctors (per 10,000)",EUR,Europe,Country,ISL,Iceland,Year,2006,36.54
"Medical doctors (per 10,000)",EUR,Europe,Country,IRL,Ireland,Year,2006,36.64
"Medical doctors (per 10,000)",EUR,Europe,Country,BGR,Bulgaria,Year,2006,36.81
"Medical doctors (per 10,000)",EUR,Europe,Country,ITA,Italy,Year,2006,36.99
"Medical doctors (per 10,000)",EUR,Europe,Country,NOR,Norway,Year,2006,37.22
"Medical doctors (per 10,000)",EUR,Europe,Country,LTU,Lithuania,Year,2006,37.53
"Medical doctors (per 10,000)",EUR,Europe,Country,CHE,Switzerland,Year,2006,38
"Medical doctors (per 10,000)",EUR,Europe,Country,AUT,Austria,Year,2006,44.68
"Medical doctors (per 10,000)",EUR,Europe,Country,RUS,Russian Federation,Year,2006,48.97
"Medical doctors (per 10,000)",EUR,Europe,Country,GRC,Greece,Year,2006,53.28
"Medical doctors (per 10,000)",EUR,Europe,Country,BIH,Bosnia and Herzegovina,Year,2005,15.33
"Medical doctors (per 10,000)",EUR,Europe,Country,MNE,Montenegro,Year,2005,19.52
"Medical doctors (per 10,000)",EUR,Europe,Country,POL,Poland,Year,2005,21.27
"Medical doctors (per 10,000)",EUR,Europe,Country,ROU,Romania,Year,2005,22.13
"Medical doctors (per 10,000)",EUR,Europe,Country,SRB,Serbia,Year,2005,22.61
"Medical doctors (per 10,000)",EUR,Europe,Country,SVN,Slovenia,Year,2005,23.52
"Medical doctors (per 10,000)",EUR,Europe,Country,GBR,United Kingdom of Great Britain and Northern Ireland,Year,2005,24.12
"Medical doctors (per 10,000)",EUR,Europe,Country,HRV,Croatia,Year,2005,25.35
"Medical doctors (per 10,000)",EUR,Europe,Country,LUX,Luxembourg,Year,2005,25.99
"Medical doctors (per 10,000)",EUR,Europe,Country,NLD,Netherlands,Year,2005,27
"Medical doctors (per 10,000)",EUR,Europe,Country,HUN,Hungary,Year,2005,27.82
"Medical doctors (per 10,000)",EUR,Europe,Country,BEL,Belgium,Year,2005,28.52
"Medical doctors (per 10,000)",EUR,Europe,Country,LVA,Latvia,Year,2005,29.43
"Medical doctors (per 10,000)",EUR,Europe,Country,FIN,Finland,Year,2005,29.91
"Medical doctors (per 10,000)",EUR,Europe,Country,UKR,Ukraine,Year,2005,30.18
"Medical doctors (per 10,000)",EUR,Europe,Country,SVK,Slovakia,Year,2005,30.22
"Medical doctors (per 10,000)",EUR,Europe,Country,EST,Estonia,Year,2005,31.4
"Medical doctors (per 10,000)",EUR,Europe,Country,AND,Andorra,Year,2005,32.32
"Medical doctors (per 10,000)",EUR,Europe,Country,DNK,Denmark,Year,2005,33.33
"Medical doctors (per 10,000)",EUR,Europe,Country,DEU,Germany,Year,2005,34.31
"Medical doctors (per 10,000)",EUR,Europe,Country,FRA,France,Year,2005,34.41
"Medical doctors (per 10,000)",EUR,Europe,Country,SWE,Sweden,Year,2005,34.52
"Medical doctors (per 10,000)",EUR,Europe,Country,PRT,Portugal,Year,2005,35
"Medical doctors (per 10,000)",EUR,Europe,Country,ESP,Spain,Year,2005,35.16
"Medical doctors (per 10,000)",EUR,Europe,Country,IRL,Ireland,Year,2005,35.43
"Medical doctors (per 10,000)",EUR,Europe,Country,CZE,Czechia,Year,2005,35.47
"Medical doctors (per 10,000)",EUR,Europe,Country,NOR,Norway,Year,2005,35.56
"Medical doctors (per 10,000)",EUR,Europe,Country,ISL,Iceland,Year,2005,36.34
"Medical doctors (per 10,000)",EUR,Europe,Country,BGR,Bulgaria,Year,2005,36.65
"Medical doctors (per 10,000)",EUR,Europe,Country,LTU,Lithuania,Year,2005,36.96
"Medical doctors (per 10,000)",EUR,Europe,Country,ITA,Italy,Year,2005,37.02
"Medical doctors (per 10,000)",EUR,Europe,Country,CHE,Switzerland,Year,2005,37.62
"Medical doctors (per 10,000)",EUR,Europe,Country,AUT,Austria,Year,2005,43.36
"Medical doctors (per 10,000)",EUR,Europe,Country,RUS,Russian Federation,Year,2005,48.05
"Medical doctors (per 10,000)",EUR,Europe,Country,GRC,Greece,Year,2005,49.49
"Medical doctors (per 10,000)",EUR,Europe,Country,ALB,Albania,Year,2004,11.91
"Medical doctors (per 10,000)",EUR,Europe,Country,BIH,Bosnia and Herzegovina,Year,2004,15.09
"Medical doctors (per 10,000)",EUR,Europe,Country,MNE,Montenegro,Year,2004,19.36
"Medical doctors (per 10,000)",EUR,Europe,Country,ROU,Romania,Year,2004,22.31
"Medical doctors (per 10,000)",EUR,Europe,Country,SRB,Serbia,Year,2004,22.69
"Medical doctors (per 10,000)",EUR,Europe,Country,POL,Poland,Year,2004,22.77
"Medical doctors (per 10,000)",EUR,Europe,Country,SVN,Slovenia,Year,2004,23.06
"Medical doctors (per 10,000)",EUR,Europe,Country,GBR,United Kingdom of Great Britain and Northern Ireland,Year,2004,23.36
"Medical doctors (per 10,000)",EUR,Europe,Country,LUX,Luxembourg,Year,2004,24.57
"Medical doctors (per 10,000)",EUR,Europe,Country,HRV,Croatia,Year,2004,25.3
"Medical doctors (per 10,000)",EUR,Europe,Country,FIN,Finland,Year,2004,25.84
"Medical doctors (per 10,000)",EUR,Europe,Country,NLD,Netherlands,Year,2004,26.47
"Medical doctors (per 10,000)",EUR,Europe,Country,IRL,Ireland,Year,2004,27.45
"Medical doctors (per 10,000)",EUR,Europe,Country,BEL,Belgium,Year,2004,28.52
"Medical doctors (per 10,000)",EUR,Europe,Country,LVA,Latvia,Year,2004,28.98
"Medical doctors (per 10,000)",EUR,Europe,Country,UKR,Ukraine,Year,2004,30.16
"Medical doctors (per 10,000)",EUR,Europe,Country,EST,Estonia,Year,2004,30.21
"Medical doctors (per 10,000)",EUR,Europe,Country,AND,Andorra,Year,2004,31.32
"Medical doctors (per 10,000)",EUR,Europe,Country,SVK,Slovakia,Year,2004,31.37
"Medical doctors (per 10,000)",EUR,Europe,Country,DNK,Denmark,Year,2004,32.28
"Medical doctors (per 10,000)",EUR,Europe,Country,HUN,Hungary,Year,2004,33.35
"Medical doctors (per 10,000)",EUR,Europe,Country,SWE,Sweden,Year,2004,33.75
"Medical doctors (per 10,000)",EUR,Europe,Country,NOR,Norway,Year,2004,33.96
"Medical doctors (per 10,000)",EUR,Europe,Country,DEU,Germany,Year,2004,34.1
"Medical doctors (per 10,000)",EUR,Europe,Country,ESP,Spain,Year,2004,34.14
"Medical doctors (per 10,000)",EUR,Europe,Country,PRT,Portugal,Year,2004,34.21
"Medical doctors (per 10,000)",EUR,Europe,Country,FRA,France,Year,2004,34.4
"Medical doctors (per 10,000)",EUR,Europe,Country,CZE,Czechia,Year,2004,35.07
"Medical doctors (per 10,000)",EUR,Europe,Country,BGR,Bulgaria,Year,2004,35.39
"Medical doctors (per 10,000)",EUR,Europe,Country,LTU,Lithuania,Year,2004,36.22
"Medical doctors (per 10,000)",EUR,Europe,Country,ISL,Iceland,Year,2004,36.28
"Medical doctors (per 10,000)",EUR,Europe,Country,ITA,Italy,Year,2004,36.81
"Medical doctors (per 10,000)",EUR,Europe,Country,CHE,Switzerland,Year,2004,37.26
"Medical doctors (per 10,000)",EUR,Europe,Country,AUT,Austria,Year,2004,42.1
"Medical doctors (per 10,000)",EUR,Europe,Country,RUS,Russian Federation,Year,2004,47.77
"Medical doctors (per 10,000)",EUR,Europe,Country,ALB,Albania,Year,2003,11.86
"Medical doctors (per 10,000)",EUR,Europe,Country,BIH,Bosnia and Herzegovina,Year,2003,14.78
"Medical doctors (per 10,000)",EUR,Europe,Country,MNE,Montenegro,Year,2003,18.55
"Medical doctors (per 10,000)",EUR,Europe,Country,GBR,United Kingdom of Great Britain and Northern Ireland,Year,2003,22.04
"Medical doctors (per 10,000)",EUR,Europe,Country,SRB,Serbia,Year,2003,22.11
"Medical doctors (per 10,000)",EUR,Europe,Country,SVN,Slovenia,Year,2003,22.56
"Medical doctors (per 10,000)",EUR,Europe,Country,LUX,Luxembourg,Year,2003,24.01
"Medical doctors (per 10,000)",EUR,Europe,Country,POL,Poland,Year,2003,24.19
"Medical doctors (per 10,000)",EUR,Europe,Country,HRV,Croatia,Year,2003,24.65
"Medical doctors (per 10,000)",EUR,Europe,Country,FIN,Finland,Year,2003,25.57
"Medical doctors (per 10,000)",EUR,Europe,Country,IRL,Ireland,Year,2003,25.8
"Medical doctors (per 10,000)",EUR,Europe,Country,NLD,Netherlands,Year,2003,26.2
"Medical doctors (per 10,000)",EUR,Europe,Country,LVA,Latvia,Year,2003,28.09
"Medical doctors (per 10,000)",EUR,Europe,Country,BEL,Belgium,Year,2003,28.45
"Medical doctors (per 10,000)",EUR,Europe,Country,EST,Estonia,Year,2003,29.92
"Medical doctors (per 10,000)",EUR,Europe,Country,UKR,Ukraine,Year,2003,30.1
"Medical doctors (per 10,000)",EUR,Europe,Country,DNK,Denmark,Year,2003,30.83
"Medical doctors (per 10,000)",EUR,Europe,Country,MLT,Malta,Year,2003,31.28
"Medical doctors (per 10,000)",EUR,Europe,Country,SVK,Slovakia,Year,2003,31.34
"Medical doctors (per 10,000)",EUR,Europe,Country,ESP,Spain,Year,2003,31.93
"Medical doctors (per 10,000)",EUR,Europe,Country,NOR,Norway,Year,2003,32.27
"Medical doctors (per 10,000)",EUR,Europe,Country,HUN,Hungary,Year,2003,32.43
"Medical doctors (per 10,000)",EUR,Europe,Country,SWE,Sweden,Year,2003,32.87
"Medical doctors (per 10,000)",EUR,Europe,Country,AND,Andorra,Year,2003,33.33
"Medical doctors (per 10,000)",EUR,Europe,Country,PRT,Portugal,Year,2003,33.5
"Medical doctors (per 10,000)",EUR,Europe,Country,DEU,Germany,Year,2003,33.9
"Medical doctors (per 10,000)",EUR,Europe,Country,FRA,France,Year,2003,34.24
"Medical doctors (per 10,000)",EUR,Europe,Country,CZE,Czechia,Year,2003,35.12
"Medical doctors (per 10,000)",EUR,Europe,Country,BGR,Bulgaria,Year,2003,36.04
"Medical doctors (per 10,000)",EUR,Europe,Country,ITA,Italy,Year,2003,36.15
"Medical doctors (per 10,000)",EUR,Europe,Country,ISL,Iceland,Year,2003,36.35
"Medical doctors (per 10,000)",EUR,Europe,Country,LTU,Lithuania,Year,2003,36.7
"Medical doctors (per 10,000)",EUR,Europe,Country,CHE,Switzerland,Year,2003,36.91
"Medical doctors (per 10,000)",EUR,Europe,Country,AUT,Austria,Year,2003,41.17
"Medical doctors (per 10,000)",EUR,Europe,Country,RUS,Russian Federation,Year,2003,47.44
"Medical doctors (per 10,000)",EUR,Europe,Country,ALB,Albania,Year,2002,11.7
"Medical doctors (per 10,000)",EUR,Europe,Country,BIH,Bosnia and Herzegovina,Year,2002,14.48
"Medical doctors (per 10,000)",EUR,Europe,Country,MNE,Montenegro,Year,2002,19.01
"Medical doctors (per 10,000)",EUR,Europe,Country,ROU,Romania,Year,2002,20.96
"Medical doctors (per 10,000)",EUR,Europe,Country,GBR,United Kingdom of Great Britain and Northern Ireland,Year,2002,21.15
"Medical doctors (per 10,000)",EUR,Europe,Country,SVN,Slovenia,Year,2002,22.34
"Medical doctors (per 10,000)",EUR,Europe,Country,LUX,Luxembourg,Year,2002,22.7
"Medical doctors (per 10,000)",EUR,Europe,Country,POL,Poland,Year,2002,22.88
"Medical doctors (per 10,000)",EUR,Europe,Country,HRV,Croatia,Year,2002,24.09
"Medical doctors (per 10,000)",EUR,Europe,Country,IRL,Ireland,Year,2002,24.17
"Medical doctors (per 10,000)",EUR,Europe,Country,FIN,Finland,Year,2002,25.21
"Medical doctors (per 10,000)",EUR,Europe,Country,NLD,Netherlands,Year,2002,25.82
"Medical doctors (per 10,000)",EUR,Europe,Country,LVA,Latvia,Year,2002,27.62
"Medical doctors (per 10,000)",EUR,Europe,Country,BEL,Belgium,Year,2002,28.5
"Medical doctors (per 10,000)",EUR,Europe,Country,AND,Andorra,Year,2002,29
"Medical doctors (per 10,000)",EUR,Europe,Country,EST,Estonia,Year,2002,29.57
"Medical doctors (per 10,000)",EUR,Europe,Country,UKR,Ukraine,Year,2002,30.19
"Medical doctors (per 10,000)",EUR,Europe,Country,DNK,Denmark,Year,2002,30.38
"Medical doctors (per 10,000)",EUR,Europe,Country,ESP,Spain,Year,2002,30.93
"Medical doctors (per 10,000)",EUR,Europe,Country,SVK,Slovakia,Year,2002,31.88
"Medical doctors (per 10,000)",EUR,Europe,Country,HUN,Hungary,Year,2002,31.92
"Medical doctors (per 10,000)",EUR,Europe,Country,NOR,Norway,Year,2002,32.12
"Medical doctors (per 10,000)",EUR,Europe,Country,SWE,Sweden,Year,2002,32.15
"Medical doctors (per 10,000)",EUR,Europe,Country,MLT,Malta,Year,2002,32.66
"Medical doctors (per 10,000)",EUR,Europe,Country,PRT,Portugal,Year,2002,33
"Medical doctors (per 10,000)",EUR,Europe,Country,DEU,Germany,Year,2002,33.6
"Medical doctors (per 10,000)",EUR,Europe,Country,FRA,France,Year,2002,34.11
"Medical doctors (per 10,000)",EUR,Europe,Country,CZE,Czechia,Year,2002,34.87
"Medical doctors (per 10,000)",EUR,Europe,Country,BGR,Bulgaria,Year,2002,35.2
"Medical doctors (per 10,000)",EUR,Europe,Country,ITA,Italy,Year,2002,35.58
"Medical doctors (per 10,000)",EUR,Europe,Country,CHE,Switzerland,Year,2002,35.9
"Medical doctors (per 10,000)",EUR,Europe,Country,ISL,Iceland,Year,2002,36.07
"Medical doctors (per 10,000)",EUR,Europe,Country,LTU,Lithuania,Year,2002,37.01
"Medical doctors (per 10,000)",EUR,Europe,Country,AUT,Austria,Year,2002,40.34
"Medical doctors (per 10,000)",EUR,Europe,Country,RUS,Russian Federation,Year,2002,46.99
"Medical doctors (per 10,000)",EUR,Europe,Country,ALB,Albania,Year,2001,13.1
"Medical doctors (per 10,000)",EUR,Europe,Country,BIH,Bosnia and Herzegovina,Year,2001,14.5
"Medical doctors (per 10,000)",EUR,Europe,Country,MNE,Montenegro,Year,2001,19.13
"Medical doctors (per 10,000)",EUR,Europe,Country,ROU,Romania,Year,2001,19.82
"Medical doctors (per 10,000)",EUR,Europe,Country,GBR,United Kingdom of Great Britain and Northern Ireland,Year,2001,20.42
"Medical doctors (per 10,000)",EUR,Europe,Country,SVN,Slovenia,Year,2001,21.76
"Medical doctors (per 10,000)",EUR,Europe,Country,LUX,Luxembourg,Year,2001,22.17
"Medical doctors (per 10,000)",EUR,Europe,Country,POL,Poland,Year,2001,22.5
"Medical doctors (per 10,000)",EUR,Europe,Country,IRL,Ireland,Year,2001,23.86
"Medical doctors (per 10,000)",EUR,Europe,Country,HRV,Croatia,Year,2001,23.94
"Medical doctors (per 10,000)",EUR,Europe,Country,FIN,Finland,Year,2001,24.94
"Medical doctors (per 10,000)",EUR,Europe,Country,NLD,Netherlands,Year,2001,25.19
"Medical doctors (per 10,000)",EUR,Europe,Country,AND,Andorra,Year,2001,26
"Medical doctors (per 10,000)",EUR,Europe,Country,LVA,Latvia,Year,2001,26.63
"Medical doctors (per 10,000)",EUR,Europe,Country,EST,Estonia,Year,2001,27.76
"Medical doctors (per 10,000)",EUR,Europe,Country,BEL,Belgium,Year,2001,28.4
"Medical doctors (per 10,000)",EUR,Europe,Country,HUN,Hungary,Year,2001,28.89
"Medical doctors (per 10,000)",EUR,Europe,Country,DNK,Denmark,Year,2001,29.33
"Medical doctors (per 10,000)",EUR,Europe,Country,UKR,Ukraine,Year,2001,30.28
"Medical doctors (per 10,000)",EUR,Europe,Country,MLT,Malta,Year,2001,30.81
"Medical doctors (per 10,000)",EUR,Europe,Country,ESP,Spain,Year,2001,31
"Medical doctors (per 10,000)",EUR,Europe,Country,SWE,Sweden,Year,2001,31.22
"Medical doctors (per 10,000)",EUR,Europe,Country,SVK,Slovakia,Year,2001,32.11
"Medical doctors (per 10,000)",EUR,Europe,Country,PRT,Portugal,Year,2001,32.62
"Medical doctors (per 10,000)",EUR,Europe,Country,DEU,Germany,Year,2001,33.29
"Medical doctors (per 10,000)",EUR,Europe,Country,FRA,France,Year,2001,33.87
"Medical doctors (per 10,000)",EUR,Europe,Country,BGR,Bulgaria,Year,2001,34.28
"Medical doctors (per 10,000)",EUR,Europe,Country,CZE,Czechia,Year,2001,34.29
"Medical doctors (per 10,000)",EUR,Europe,Country,ISL,Iceland,Year,2001,35
"Medical doctors (per 10,000)",EUR,Europe,Country,ITA,Italy,Year,2001,35.13
"Medical doctors (per 10,000)",EUR,Europe,Country,NOR,Norway,Year,2001,35.33
"Medical doctors (per 10,000)",EUR,Europe,Country,CHE,Switzerland,Year,2001,35.37
"Medical doctors (per 10,000)",EUR,Europe,Country,LTU,Lithuania,Year,2001,36.28
"Medical doctors (per 10,000)",EUR,Europe,Country,AUT,Austria,Year,2001,39.62
"Medical doctors (per 10,000)",EUR,Europe,Country,RUS,Russian Federation,Year,2001,46.48
"Medical doctors (per 10,000)",EUR,Europe,Country,ALB,Albania,Year,2000,13.82
"Medical doctors (per 10,000)",EUR,Europe,Country,BIH,Bosnia and Herzegovina,Year,2000,14.55
"Medical doctors (per 10,000)",EUR,Europe,Country,MNE,Montenegro,Year,2000,18.84
"Medical doctors (per 10,000)",EUR,Europe,Country,ROU,Romania,Year,2000,19.53
"Medical doctors (per 10,000)",EUR,Europe,Country,GBR,United Kingdom of Great Britain and Northern Ireland,Year,2000,19.91
"Medical doctors (per 10,000)",EUR,Europe,Country,LUX,Luxembourg,Year,2000,21.51
"Medical doctors (per 10,000)",EUR,Europe,Country,SVN,Slovenia,Year,2000,21.53
"Medical doctors (per 10,000)",EUR,Europe,Country,POL,Poland,Year,2000,22.05
"Medical doctors (per 10,000)",EUR,Europe,Country,IRL,Ireland,Year,2000,22.3
"Medical doctors (per 10,000)",EUR,Europe,Country,HRV,Croatia,Year,2000,23.57
"Medical doctors (per 10,000)",EUR,Europe,Country,NLD,Netherlands,Year,2000,24.43
"Medical doctors (per 10,000)",EUR,Europe,Country,FIN,Finland,Year,2000,24.93
"Medical doctors (per 10,000)",EUR,Europe,Country,AND,Andorra,Year,2000,25.69
"Medical doctors (per 10,000)",EUR,Europe,Country,MLT,Malta,Year,2000,26.02
"Medical doctors (per 10,000)",EUR,Europe,Country,HUN,Hungary,Year,2000,26.8
"Medical doctors (per 10,000)",EUR,Europe,Country,BEL,Belgium,Year,2000,28.2
"Medical doctors (per 10,000)",EUR,Europe,Country,LVA,Latvia,Year,2000,28.6
"Medical doctors (per 10,000)",EUR,Europe,Country,DNK,Denmark,Year,2000,29.12
"Medical doctors (per 10,000)",EUR,Europe,Country,EST,Estonia,Year,2000,29.38
"Medical doctors (per 10,000)",EUR,Europe,Country,SWE,Sweden,Year,2000,30.23
"Medical doctors (per 10,000)",EUR,Europe,Country,UKR,Ukraine,Year,2000,30.3
"Medical doctors (per 10,000)",EUR,Europe,Country,ESP,Spain,Year,2000,31.16
"Medical doctors (per 10,000)",EUR,Europe,Country,PRT,Portugal,Year,2000,32.03
"Medical doctors (per 10,000)",EUR,Europe,Country,SVK,Slovakia,Year,2000,32.26
"Medical doctors (per 10,000)",EUR,Europe,Country,DEU,Germany,Year,2000,32.79
"Medical doctors (per 10,000)",EUR,Europe,Country,BLR,Belarus,Year,2000,33
"Medical doctors (per 10,000)",EUR,Europe,Country,FRA,France,Year,2000,33.55
"Medical doctors (per 10,000)",EUR,Europe,Country,CZE,Czechia,Year,2000,33.63
"Medical doctors (per 10,000)",EUR,Europe,Country,NOR,Norway,Year,2000,33.74
"Medical doctors (per 10,000)",EUR,Europe,Country,BGR,Bulgaria,Year,2000,34.42
"Medical doctors (per 10,000)",EUR,Europe,Country,ISL,Iceland,Year,2000,34.52
"Medical doctors (per 10,000)",EUR,Europe,Country,ITA,Italy,Year,2000,34.59
"Medical doctors (per 10,000)",EUR,Europe,Country,CHE,Switzerland,Year,2000,35.3
"Medical doctors (per 10,000)",EUR,Europe,Country,LTU,Lithuania,Year,2000,36.24
"Medical doctors (per 10,000)",EUR,Europe,Country,AUT,Austria,Year,2000,38.49
"Medical doctors (per 10,000)",EUR,Europe,Country,RUS,Russian Federation,Year,2000,46.46
"Medical doctors (per 10,000)",EUR,Europe,Country,MNE,Montenegro,Year,1999,18.58
"Medical doctors (per 10,000)",EUR,Europe,Country,GBR,United Kingdom of Great Britain and Northern Ireland,Year,1999,19.11
"Medical doctors (per 10,000)",EUR,Europe,Country,SVN,Slovenia,Year,1999,21.21
"Medical doctors (per 10,000)",EUR,Europe,Country,POL,Poland,Year,1999,22.69
"Medical doctors (per 10,000)",EUR,Europe,Country,IRL,Ireland,Year,1999,22.7
"Medical doctors (per 10,000)",EUR,Europe,Country,NLD,Netherlands,Year,1999,23.77
"Medical doctors (per 10,000)",EUR,Europe,Country,FIN,Finland,Year,1999,23.96
"Medical doctors (per 10,000)",EUR,Europe,Country,LUX,Luxembourg,Year,1999,24.88
"Medical doctors (per 10,000)",EUR,Europe,Country,HRV,Croatia,Year,1999,25.01
"Medical doctors (per 10,000)",EUR,Europe,Country,LVA,Latvia,Year,1999,26.97
"Medical doctors (per 10,000)",EUR,Europe,Country,BEL,Belgium,Year,1999,27.93
"Medical doctors (per 10,000)",EUR,Europe,Country,DNK,Denmark,Year,1999,28.83
"Medical doctors (per 10,000)",EUR,Europe,Country,SWE,Sweden,Year,1999,29.61
"Medical doctors (per 10,000)",EUR,Europe,Country,EST,Estonia,Year,1999,29.92
"Medical doctors (per 10,000)",EUR,Europe,Country,ESP,Spain,Year,1999,30.45
"Medical doctors (per 10,000)",EUR,Europe,Country,CZE,Czechia,Year,1999,30.71
"Medical doctors (per 10,000)",EUR,Europe,Country,HUN,Hungary,Year,1999,31
"Medical doctors (per 10,000)",EUR,Europe,Country,PRT,Portugal,Year,1999,31.15
"Medical doctors (per 10,000)",EUR,Europe,Country,DEU,Germany,Year,1999,32.24
"Medical doctors (per 10,000)",EUR,Europe,Country,NOR,Norway,Year,1999,32.78
"Medical doctors (per 10,000)",EUR,Europe,Country,BLR,Belarus,Year,1999,32.9
"Medical doctors (per 10,000)",EUR,Europe,Country,SVK,Slovakia,Year,1999,33.19
"Medical doctors (per 10,000)",EUR,Europe,Country,FRA,France,Year,1999,33.35
"Medical doctors (per 10,000)",EUR,Europe,Country,ISL,Iceland,Year,1999,33.75
"Medical doctors (per 10,000)",EUR,Europe,Country,CHE,Switzerland,Year,1999,33.77
"Medical doctors (per 10,000)",EUR,Europe,Country,LTU,Lithuania,Year,1999,37.1
"Medical doctors (per 10,000)",EUR,Europe,Country,AUT,Austria,Year,1999,37.61
"Medical doctors (per 10,000)",EUR,Europe,Country,ITA,Italy,Year,1999,41.36
"Medical doctors (per 10,000)",EUR,Europe,Country,GRC,Greece,Year,1999,41.83
"Medical doctors (per 10,000)",EUR,Europe,Country,RUS,Russian Federation,Year,1999,46.46
"Medical doctors (per 10,000)",EUR,Europe,Country,ALB,Albania,Year,1998,13.9
"Medical doctors (per 10,000)",EUR,Europe,Country,ROU,Romania,Year,1998,18.39
"Medical doctors (per 10,000)",EUR,Europe,Country,GBR,United Kingdom of Great Britain and Northern Ireland,Year,1998,18.96
"Medical doctors (per 10,000)",EUR,Europe,Country,SVN,Slovenia,Year,1998,21.81
"Medical doctors (per 10,000)",EUR,Europe,Country,IRL,Ireland,Year,1998,21.97
"Medical doctors (per 10,000)",EUR,Europe,Country,FIN,Finland,Year,1998,23.16
"Medical doctors (per 10,000)",EUR,Europe,Country,POL,Poland,Year,1998,23.36
"Medical doctors (per 10,000)",EUR,Europe,Country,LUX,Luxembourg,Year,1998,24.35
"Medical doctors (per 10,000)",EUR,Europe,Country,AND,Andorra,Year,1998,25.27
"Medical doctors (per 10,000)",EUR,Europe,Country,MLT,Malta,Year,1998,25.41
"Medical doctors (per 10,000)",EUR,Europe,Country,HRV,Croatia,Year,1998,25.97
"Medical doctors (per 10,000)",EUR,Europe,Country,LVA,Latvia,Year,1998,27.16
"Medical doctors (per 10,000)",EUR,Europe,Country,DNK,Denmark,Year,1998,28.57
"Medical doctors (per 10,000)",EUR,Europe,Country,SWE,Sweden,Year,1998,29.14
"Medical doctors (per 10,000)",EUR,Europe,Country,ESP,Spain,Year,1998,29.24
"Medical doctors (per 10,000)",EUR,Europe,Country,EST,Estonia,Year,1998,29.57
"Medical doctors (per 10,000)",EUR,Europe,Country,CZE,Czechia,Year,1998,30.22
"Medical doctors (per 10,000)",EUR,Europe,Country,HUN,Hungary,Year,1998,30.78
"Medical doctors (per 10,000)",EUR,Europe,Country,PRT,Portugal,Year,1998,30.89
"Medical doctors (per 10,000)",EUR,Europe,Country,NOR,Norway,Year,1998,31.54
"Medical doctors (per 10,000)",EUR,Europe,Country,DEU,Germany,Year,1998,31.87
"Medical doctors (per 10,000)",EUR,Europe,Country,BLR,Belarus,Year,1998,32.26
"Medical doctors (per 10,000)",EUR,Europe,Country,ISL,Iceland,Year,1998,33.02
"Medical doctors (per 10,000)",EUR,Europe,Country,FRA,France,Year,1998,33.34
"Medical doctors (per 10,000)",EUR,Europe,Country,CHE,Switzerland,Year,1998,33.39
"Medical doctors (per 10,000)",EUR,Europe,Country,BGR,Bulgaria,Year,1998,34.99
"Medical doctors (per 10,000)",EUR,Europe,Country,LTU,Lithuania,Year,1998,37.16
"Medical doctors (per 10,000)",EUR,Europe,Country,BEL,Belgium,Year,1998,37.23
"Medical doctors (per 10,000)",EUR,Europe,Country,AUT,Austria,Year,1998,37.64
"Medical doctors (per 10,000)",EUR,Europe,Country,GRC,Greece,Year,1998,40.8
"Medical doctors (per 10,000)",EUR,Europe,Country,ITA,Italy,Year,1998,40.83
"Medical doctors (per 10,000)",EUR,Europe,Country,RUS,Russian Federation,Year,1998,46.13
"Medical doctors (per 10,000)",EUR,Europe,Country,ALB,Albania,Year,1997,13.89
"Medical doctors (per 10,000)",EUR,Europe,Country,GBR,United Kingdom of Great Britain and Northern Ireland,Year,1997,18.53
"Medical doctors (per 10,000)",EUR,Europe,Country,IRL,Ireland,Year,1997,21.37
"Medical doctors (per 10,000)",EUR,Europe,Country,SVN,Slovenia,Year,1997,22.32
"Medical doctors (per 10,000)",EUR,Europe,Country,FIN,Finland,Year,1997,22.9
"Medical doctors (per 10,000)",EUR,Europe,Country,POL,Poland,Year,1997,23.64
"Medical doctors (per 10,000)",EUR,Europe,Country,LUX,Luxembourg,Year,1997,24
"Medical doctors (per 10,000)",EUR,Europe,Country,MLT,Malta,Year,1997,24.1
"Medical doctors (per 10,000)",EUR,Europe,Country,AND,Andorra,Year,1997,24.57
"Medical doctors (per 10,000)",EUR,Europe,Country,HRV,Croatia,Year,1997,27.46
"Medical doctors (per 10,000)",EUR,Europe,Country,DNK,Denmark,Year,1997,27.8
"Medical doctors (per 10,000)",EUR,Europe,Country,LVA,Latvia,Year,1997,28.43
"Medical doctors (per 10,000)",EUR,Europe,Country,SWE,Sweden,Year,1997,28.48
"Medical doctors (per 10,000)",EUR,Europe,Country,ESP,Spain,Year,1997,28.69
"Medical doctors (per 10,000)",EUR,Europe,Country,PRT,Portugal,Year,1997,30.3
"Medical doctors (per 10,000)",EUR,Europe,Country,NOR,Norway,Year,1997,30.65
"Medical doctors (per 10,000)",EUR,Europe,Country,HUN,Hungary,Year,1997,30.7
"Medical doctors (per 10,000)",EUR,Europe,Country,CZE,Czechia,Year,1997,31.02
"Medical doctors (per 10,000)",EUR,Europe,Country,DEU,Germany,Year,1997,31.41
"Medical doctors (per 10,000)",EUR,Europe,Country,BLR,Belarus,Year,1997,31.61
"Medical doctors (per 10,000)",EUR,Europe,Country,EST,Estonia,Year,1997,32.16
"Medical doctors (per 10,000)",EUR,Europe,Country,ISL,Iceland,Year,1997,32.42
"Medical doctors (per 10,000)",EUR,Europe,Country,CHE,Switzerland,Year,1997,32.74
"Medical doctors (per 10,000)",EUR,Europe,Country,FRA,France,Year,1997,33.22
"Medical doctors (per 10,000)",EUR,Europe,Country,BGR,Bulgaria,Year,1997,34.9
"Medical doctors (per 10,000)",EUR,Europe,Country,AUT,Austria,Year,1997,36.38
"Medical doctors (per 10,000)",EUR,Europe,Country,BEL,Belgium,Year,1997,36.63
"Medical doctors (per 10,000)",EUR,Europe,Country,LTU,Lithuania,Year,1997,37.54
"Medical doctors (per 10,000)",EUR,Europe,Country,GRC,Greece,Year,1997,39.46
"Medical doctors (per 10,000)",EUR,Europe,Country,ITA,Italy,Year,1997,39.95
"Medical doctors (per 10,000)",EUR,Europe,Country,RUS,Russian Federation,Year,1997,45.58
"Medical doctors (per 10,000)",EUR,Europe,Country,ALB,Albania,Year,1996,13.81
"Medical doctors (per 10,000)",EUR,Europe,Country,GBR,United Kingdom of Great Britain and Northern Ireland,Year,1996,17.97
"Medical doctors (per 10,000)",EUR,Europe,Country,IRL,Ireland,Year,1996,21.06
"Medical doctors (per 10,000)",EUR,Europe,Country,SVN,Slovenia,Year,1996,21.38
"Medical doctors (per 10,000)",EUR,Europe,Country,FIN,Finland,Year,1996,22.55
"Medical doctors (per 10,000)",EUR,Europe,Country,LUX,Luxembourg,Year,1996,23.14
"Medical doctors (per 10,000)",EUR,Europe,Country,POL,Poland,Year,1996,23.59
"Medical doctors (per 10,000)",EUR,Europe,Country,DNK,Denmark,Year,1996,27.04
"Medical doctors (per 10,000)",EUR,Europe,Country,HRV,Croatia,Year,1996,27.25
"Medical doctors (per 10,000)",EUR,Europe,Country,ESP,Spain,Year,1996,27.46
"Medical doctors (per 10,000)",EUR,Europe,Country,LVA,Latvia,Year,1996,28.1
"Medical doctors (per 10,000)",EUR,Europe,Country,SWE,Sweden,Year,1996,28.33
"Medical doctors (per 10,000)",EUR,Europe,Country,CZE,Czechia,Year,1996,29.74
"Medical doctors (per 10,000)",EUR,Europe,Country,PRT,Portugal,Year,1996,29.88
"Medical doctors (per 10,000)",EUR,Europe,Country,HUN,Hungary,Year,1996,30.34
"Medical doctors (per 10,000)",EUR,Europe,Country,NOR,Norway,Year,1996,30.39
"Medical doctors (per 10,000)",EUR,Europe,Country,ISL,Iceland,Year,1996,31.06
"Medical doctors (per 10,000)",EUR,Europe,Country,BLR,Belarus,Year,1996,31.18
"Medical doctors (per 10,000)",EUR,Europe,Country,DEU,Germany,Year,1996,31.23
"Medical doctors (per 10,000)",EUR,Europe,Country,EST,Estonia,Year,1996,31.44
"Medical doctors (per 10,000)",EUR,Europe,Country,CHE,Switzerland,Year,1996,32.28
"Medical doctors (per 10,000)",EUR,Europe,Country,FRA,France,Year,1996,33.04
"Medical doctors (per 10,000)",EUR,Europe,Country,AUT,Austria,Year,1996,35.62
"Medical doctors (per 10,000)",EUR,Europe,Country,BGR,Bulgaria,Year,1996,35.69
"Medical doctors (per 10,000)",EUR,Europe,Country,BEL,Belgium,Year,1996,35.9
"Medical doctors (per 10,000)",EUR,Europe,Country,LTU,Lithuania,Year,1996,37.15
"Medical doctors (per 10,000)",EUR,Europe,Country,GRC,Greece,Year,1996,38.32
"Medical doctors (per 10,000)",EUR,Europe,Country,ITA,Italy,Year,1996,38.85
"Medical doctors (per 10,000)",EUR,Europe,Country,RUS,Russian Federation,Year,1996,45.21
"Medical doctors (per 10,000)",EUR,Europe,Country,ALB,Albania,Year,1995,13.63
"Medical doctors (per 10,000)",EUR,Europe,Country,GBR,United Kingdom of Great Britain and Northern Ireland,Year,1995,17.57
"Medical doctors (per 10,000)",EUR,Europe,Country,IRL,Ireland,Year,1995,21.05
"Medical doctors (per 10,000)",EUR,Europe,Country,SVN,Slovenia,Year,1995,21.17
"Medical doctors (per 10,000)",EUR,Europe,Country,FIN,Finland,Year,1995,21.87
"Medical doctors (per 10,000)",EUR,Europe,Country,AND,Andorra,Year,1995,22.38
"Medical doctors (per 10,000)",EUR,Europe,Country,LUX,Luxembourg,Year,1995,22.4
"Medical doctors (per 10,000)",EUR,Europe,Country,POL,Poland,Year,1995,23.25
"Medical doctors (per 10,000)",EUR,Europe,Country,DNK,Denmark,Year,1995,26.83
"Medical doctors (per 10,000)",EUR,Europe,Country,HRV,Croatia,Year,1995,27.19
"Medical doctors (per 10,000)",EUR,Europe,Country,LVA,Latvia,Year,1995,28.02
"Medical doctors (per 10,000)",EUR,Europe,Country,SWE,Sweden,Year,1995,28.14
"Medical doctors (per 10,000)",EUR,Europe,Country,PRT,Portugal,Year,1995,29.12
"Medical doctors (per 10,000)",EUR,Europe,Country,NOR,Norway,Year,1995,29.47
"Medical doctors (per 10,000)",EUR,Europe,Country,CZE,Czechia,Year,1995,29.87
"Medical doctors (per 10,000)",EUR,Europe,Country,HUN,Hungary,Year,1995,29.98
"Medical doctors (per 10,000)",EUR,Europe,Country,ISL,Iceland,Year,1995,30.23
"Medical doctors (per 10,000)",EUR,Europe,Country,BLR,Belarus,Year,1995,30.5
"Medical doctors (per 10,000)",EUR,Europe,Country,DEU,Germany,Year,1995,30.75
"Medical doctors (per 10,000)",EUR,Europe,Country,CHE,Switzerland,Year,1995,31.84
"Medical doctors (per 10,000)",EUR,Europe,Country,EST,Estonia,Year,1995,32
"Medical doctors (per 10,000)",EUR,Europe,Country,FRA,France,Year,1995,32.85
"Medical doctors (per 10,000)",EUR,Europe,Country,BGR,Bulgaria,Year,1995,34.69
"Medical doctors (per 10,000)",EUR,Europe,Country,AUT,Austria,Year,1995,34.93
"Medical doctors (per 10,000)",EUR,Europe,Country,BEL,Belgium,Year,1995,35.26
"Medical doctors (per 10,000)",EUR,Europe,Country,LTU,Lithuania,Year,1995,36.87
"Medical doctors (per 10,000)",EUR,Europe,Country,ITA,Italy,Year,1995,37.78
"Medical doctors (per 10,000)",EUR,Europe,Country,GRC,Greece,Year,1995,38.34
"Medical doctors (per 10,000)",EUR,Europe,Country,ESP,Spain,Year,1995,40.88
"Medical doctors (per 10,000)",EUR,Europe,Country,RUS,Russian Federation,Year,1995,44.1
"Medical doctors (per 10,000)",EUR,Europe,Country,ALB,Albania,Year,1994,13.45
"Medical doctors (per 10,000)",EUR,Europe,Country,GBR,United Kingdom of Great Britain and Northern Ireland,Year,1994,16.98
"Medical doctors (per 10,000)",EUR,Europe,Country,ROU,Romania,Year,1994,17.35
"Medical doctors (per 10,000)",EUR,Europe,Country,IRL,Ireland,Year,1994,19.98
"Medical doctors (per 10,000)",EUR,Europe,Country,LUX,Luxembourg,Year,1994,21.62
"Medical doctors (per 10,000)",EUR,Europe,Country,SVN,Slovenia,Year,1994,21.83
"Medical doctors (per 10,000)",EUR,Europe,Country,POL,Poland,Year,1994,22.85
"Medical doctors (per 10,000)",EUR,Europe,Country,DNK,Denmark,Year,1994,26.41
"Medical doctors (per 10,000)",EUR,Europe,Country,HRV,Croatia,Year,1994,27.41
"Medical doctors (per 10,000)",EUR,Europe,Country,NOR,Norway,Year,1994,27.82
"Medical doctors (per 10,000)",EUR,Europe,Country,LVA,Latvia,Year,1994,28.66
"Medical doctors (per 10,000)",EUR,Europe,Country,PRT,Portugal,Year,1994,28.82
"Medical doctors (per 10,000)",EUR,Europe,Country,CZE,Czechia,Year,1994,29.25
"Medical doctors (per 10,000)",EUR,Europe,Country,HUN,Hungary,Year,1994,29.92
"Medical doctors (per 10,000)",EUR,Europe,Country,ISL,Iceland,Year,1994,30.06
"Medical doctors (per 10,000)",EUR,Europe,Country,DEU,Germany,Year,1994,30.11
"Medical doctors (per 10,000)",EUR,Europe,Country,BLR,Belarus,Year,1994,30.19
"Medical doctors (per 10,000)",EUR,Europe,Country,CHE,Switzerland,Year,1994,31.4
"Medical doctors (per 10,000)",EUR,Europe,Country,FIN,Finland,Year,1994,32.07
"Medical doctors (per 10,000)",EUR,Europe,Country,EST,Estonia,Year,1994,32.12
"Medical doctors (per 10,000)",EUR,Europe,Country,FRA,France,Year,1994,32.66
"Medical doctors (per 10,000)",EUR,Europe,Country,BGR,Bulgaria,Year,1994,33.15
"Medical doctors (per 10,000)",EUR,Europe,Country,AUT,Austria,Year,1994,34.03
"Medical doctors (per 10,000)",EUR,Europe,Country,BEL,Belgium,Year,1994,34.94
"Medical doctors (per 10,000)",EUR,Europe,Country,SWE,Sweden,Year,1994,36.49
"Medical doctors (per 10,000)",EUR,Europe,Country,LTU,Lithuania,Year,1994,37.01
"Medical doctors (per 10,000)",EUR,Europe,Country,GRC,Greece,Year,1994,38.03
"Medical doctors (per 10,000)",EUR,Europe,Country,ESP,Spain,Year,1994,40.87
"Medical doctors (per 10,000)",EUR,Europe,Country,RUS,Russian Federation,Year,1994,42.93
"Medical doctors (per 10,000)",EUR,Europe,Country,ITA,Italy,Year,1994,55.84
"Medical doctors (per 10,000)",EUR,Europe,Country,ALB,Albania,Year,1993,14.13
"Medical doctors (per 10,000)",EUR,Europe,Country,GBR,United Kingdom of Great Britain and Northern Ireland,Year,1993,16.85
"Medical doctors (per 10,000)",EUR,Europe,Country,SVN,Slovenia,Year,1993,20.19
"Medical doctors (per 10,000)",EUR,Europe,Country,IRL,Ireland,Year,1993,20.33
"Medical doctors (per 10,000)",EUR,Europe,Country,LUX,Luxembourg,Year,1993,21.37
"Medical doctors (per 10,000)",EUR,Europe,Country,POL,Poland,Year,1993,22.29
"Medical doctors (per 10,000)",EUR,Europe,Country,MLT,Malta,Year,1993,24.54
"Medical doctors (per 10,000)",EUR,Europe,Country,DNK,Denmark,Year,1993,26.15
"Medical doctors (per 10,000)",EUR,Europe,Country,NOR,Norway,Year,1993,26.99
"Medical doctors (per 10,000)",EUR,Europe,Country,HRV,Croatia,Year,1993,27.46
"Medical doctors (per 10,000)",EUR,Europe,Country,CZE,Czechia,Year,1993,28.56
"Medical doctors (per 10,000)",EUR,Europe,Country,PRT,Portugal,Year,1993,28.7
"Medical doctors (per 10,000)",EUR,Europe,Country,LVA,Latvia,Year,1993,28.83
"Medical doctors (per 10,000)",EUR,Europe,Country,DEU,Germany,Year,1993,29.42
"Medical doctors (per 10,000)",EUR,Europe,Country,HUN,Hungary,Year,1993,29.55
"Medical doctors (per 10,000)",EUR,Europe,Country,BLR,Belarus,Year,1993,29.57
"Medical doctors (per 10,000)",EUR,Europe,Country,ISL,Iceland,Year,1993,29.65
"Medical doctors (per 10,000)",EUR,Europe,Country,CHE,Switzerland,Year,1993,30.92
"Medical doctors (per 10,000)",EUR,Europe,Country,FIN,Finland,Year,1993,31.3
"Medical doctors (per 10,000)",EUR,Europe,Country,EST,Estonia,Year,1993,32.2
"Medical doctors (per 10,000)",EUR,Europe,Country,FRA,France,Year,1993,32.33
"Medical doctors (per 10,000)",EUR,Europe,Country,AUT,Austria,Year,1993,33.02
"Medical doctors (per 10,000)",EUR,Europe,Country,BGR,Bulgaria,Year,1993,33.18
"Medical doctors (per 10,000)",EUR,Europe,Country,BEL,Belgium,Year,1993,34.33
"Medical doctors (per 10,000)",EUR,Europe,Country,SWE,Sweden,Year,1993,35.54
"Medical doctors (per 10,000)",EUR,Europe,Country,LTU,Lithuania,Year,1993,36.19
"Medical doctors (per 10,000)",EUR,Europe,Country,GRC,Greece,Year,1993,38.08
"Medical doctors (per 10,000)",EUR,Europe,Country,ESP,Spain,Year,1993,40.29
"Medical doctors (per 10,000)",EUR,Europe,Country,RUS,Russian Federation,Year,1993,43.24
"Medical doctors (per 10,000)",EUR,Europe,Country,ITA,Italy,Year,1993,54.78
"Medical doctors (per 10,000)",EUR,Europe,Country,ALB,Albania,Year,1992,16.22
"Medical doctors (per 10,000)",EUR,Europe,Country,GBR,United Kingdom of Great Britain and Northern Ireland,Year,1992,16.48
"Medical doctors (per 10,000)",EUR,Europe,Country,IRL,Ireland,Year,1992,20.1
"Medical doctors (per 10,000)",EUR,Europe,Country,SVN,Slovenia,Year,1992,20.79
"Medical doctors (per 10,000)",EUR,Europe,Country,LUX,Luxembourg,Year,1992,20.8
"Medical doctors (per 10,000)",EUR,Europe,Country,POL,Poland,Year,1992,21.92
"Medical doctors (per 10,000)",EUR,Europe,Country,MLT,Malta,Year,1992,23.78
"Medical doctors (per 10,000)",EUR,Europe,Country,DNK,Denmark,Year,1992,25.97
"Medical doctors (per 10,000)",EUR,Europe,Country,NOR,Norway,Year,1992,26.52
"Medical doctors (per 10,000)",EUR,Europe,Country,CZE,Czechia,Year,1992,26.7
"Medical doctors (per 10,000)",EUR,Europe,Country,HRV,Croatia,Year,1992,27.17
"Medical doctors (per 10,000)",EUR,Europe,Country,MCO,Monaco,Year,1992,28.09
"Medical doctors (per 10,000)",EUR,Europe,Country,DEU,Germany,Year,1992,28.5
"Medical doctors (per 10,000)",EUR,Europe,Country,PRT,Portugal,Year,1992,28.67
"Medical doctors (per 10,000)",EUR,Europe,Country,BLR,Belarus,Year,1992,29.41
"Medical doctors (per 10,000)",EUR,Europe,Country,ISL,Iceland,Year,1992,29.63
"Medical doctors (per 10,000)",EUR,Europe,Country,HUN,Hungary,Year,1992,30.1
"Medical doctors (per 10,000)",EUR,Europe,Country,CHE,Switzerland,Year,1992,30.48
"Medical doctors (per 10,000)",EUR,Europe,Country,FIN,Finland,Year,1992,30.55
"Medical doctors (per 10,000)",EUR,Europe,Country,BGR,Bulgaria,Year,1992,31.16
"Medical doctors (per 10,000)",EUR,Europe,Country,LVA,Latvia,Year,1992,31.26
"Medical doctors (per 10,000)",EUR,Europe,Country,FRA,France,Year,1992,32.07
"Medical doctors (per 10,000)",EUR,Europe,Country,AUT,Austria,Year,1992,32.17
"Medical doctors (per 10,000)",EUR,Europe,Country,EST,Estonia,Year,1992,32.9
"Medical doctors (per 10,000)",EUR,Europe,Country,BEL,Belgium,Year,1992,33.81
"Medical doctors (per 10,000)",EUR,Europe,Country,SWE,Sweden,Year,1992,34.61
"Medical doctors (per 10,000)",EUR,Europe,Country,LTU,Lithuania,Year,1992,35.95
"Medical doctors (per 10,000)",EUR,Europe,Country,GRC,Greece,Year,1992,37.18
"Medical doctors (per 10,000)",EUR,Europe,Country,ESP,Spain,Year,1992,39.61
"Medical doctors (per 10,000)",EUR,Europe,Country,RUS,Russian Federation,Year,1992,42.98
"Medical doctors (per 10,000)",EUR,Europe,Country,ITA,Italy,Year,1992,49.89
"Medical doctors (per 10,000)",EUR,Europe,Country,ALB,Albania,Year,1991,14.61
"Medical doctors (per 10,000)",EUR,Europe,Country,BIH,Bosnia and Herzegovina,Year,1991,16.08
"Medical doctors (per 10,000)",EUR,Europe,Country,GBR,United Kingdom of Great Britain and Northern Ireland,Year,1991,16.35
"Medical doctors (per 10,000)",EUR,Europe,Country,IRL,Ireland,Year,1991,17.04
"Medical doctors (per 10,000)",EUR,Europe,Country,LUX,Luxembourg,Year,1991,20.19
"Medical doctors (per 10,000)",EUR,Europe,Country,SVN,Slovenia,Year,1991,20.69
"Medical doctors (per 10,000)",EUR,Europe,Country,POL,Poland,Year,1991,21.78
"Medical doctors (per 10,000)",EUR,Europe,Country,MLT,Malta,Year,1991,23.97
"Medical doctors (per 10,000)",EUR,Europe,Country,DNK,Denmark,Year,1991,24.31
"Medical doctors (per 10,000)",EUR,Europe,Country,NLD,Netherlands,Year,1991,25.93
"Medical doctors (per 10,000)",EUR,Europe,Country,NOR,Norway,Year,1991,25.97
"Medical doctors (per 10,000)",EUR,Europe,Country,CZE,Czechia,Year,1991,26.65
"Medical doctors (per 10,000)",EUR,Europe,Country,HRV,Croatia,Year,1991,26.75
"Medical doctors (per 10,000)",EUR,Europe,Country,DEU,Germany,Year,1991,27.73
"Medical doctors (per 10,000)",EUR,Europe,Country,ISL,Iceland,Year,1991,28.49
"Medical doctors (per 10,000)",EUR,Europe,Country,PRT,Portugal,Year,1991,28.58
"Medical doctors (per 10,000)",EUR,Europe,Country,BLR,Belarus,Year,1991,28.96
"Medical doctors (per 10,000)",EUR,Europe,Country,FIN,Finland,Year,1991,29.82
"Medical doctors (per 10,000)",EUR,Europe,Country,HUN,Hungary,Year,1991,30.33
"Medical doctors (per 10,000)",EUR,Europe,Country,BGR,Bulgaria,Year,1991,30.52
"Medical doctors (per 10,000)",EUR,Europe,Country,CHE,Switzerland,Year,1991,30.65
"Medical doctors (per 10,000)",EUR,Europe,Country,AUT,Austria,Year,1991,30.81
"Medical doctors (per 10,000)",EUR,Europe,Country,FRA,France,Year,1991,31.56
"Medical doctors (per 10,000)",EUR,Europe,Country,BEL,Belgium,Year,1991,33.14
"Medical doctors (per 10,000)",EUR,Europe,Country,SWE,Sweden,Year,1991,33.57
"Medical doctors (per 10,000)",EUR,Europe,Country,EST,Estonia,Year,1991,35.65
"Medical doctors (per 10,000)",EUR,Europe,Country,GRC,Greece,Year,1991,36.1
"Medical doctors (per 10,000)",EUR,Europe,Country,LVA,Latvia,Year,1991,36.13
"Medical doctors (per 10,000)",EUR,Europe,Country,ESP,Spain,Year,1991,39.01
"Medical doctors (per 10,000)",EUR,Europe,Country,LTU,Lithuania,Year,1991,39.12
"Medical doctors (per 10,000)",EUR,Europe,Country,RUS,Russian Federation,Year,1991,42.72
"Medical doctors (per 10,000)",EUR,Europe,Country,ITA,Italy,Year,1991,48.49
"Medical doctors (per 10,000)",EUR,Europe,Country,ALB,Albania,Year,1990,13.74
"Medical doctors (per 10,000)",EUR,Europe,Country,IRL,Ireland,Year,1990,15.52
"Medical doctors (per 10,000)",EUR,Europe,Country,BIH,Bosnia and Herzegovina,Year,1990,15.76
"Medical doctors (per 10,000)",EUR,Europe,Country,GBR,United Kingdom of Great Britain and Northern Ireland,Year,1990,16.2
"Medical doctors (per 10,000)",EUR,Europe,Country,LUX,Luxembourg,Year,1990,20.06
"Medical doctors (per 10,000)",EUR,Europe,Country,ESP,Spain,Year,1990,20.31
"Medical doctors (per 10,000)",EUR,Europe,Country,SVN,Slovenia,Year,1990,20.48
"Medical doctors (per 10,000)",EUR,Europe,Country,POL,Poland,Year,1990,21.51
"Medical doctors (per 10,000)",EUR,Europe,Country,MLT,Malta,Year,1990,22.1
"Medical doctors (per 10,000)",EUR,Europe,Country,DNK,Denmark,Year,1990,24.95
"Medical doctors (per 10,000)",EUR,Europe,Country,NLD,Netherlands,Year,1990,25.03
"Medical doctors (per 10,000)",EUR,Europe,Country,CZE,Czechia,Year,1990,27.11
"Medical doctors (per 10,000)",EUR,Europe,Country,PRT,Portugal,Year,1990,28.31
"Medical doctors (per 10,000)",EUR,Europe,Country,ISL,Iceland,Year,1990,28.47
"Medical doctors (per 10,000)",EUR,Europe,Country,FIN,Finland,Year,1990,28.92
"Medical doctors (per 10,000)",EUR,Europe,Country,BLR,Belarus,Year,1990,29.11
"Medical doctors (per 10,000)",EUR,Europe,Country,HUN,Hungary,Year,1990,29.41
"Medical doctors (per 10,000)",EUR,Europe,Country,HRV,Croatia,Year,1990,29.69
"Medical doctors (per 10,000)",EUR,Europe,Country,AUT,Austria,Year,1990,29.91
"Medical doctors (per 10,000)",EUR,Europe,Country,CHE,Switzerland,Year,1990,30.11
"Medical doctors (per 10,000)",EUR,Europe,Country,FRA,France,Year,1990,31.04
"Medical doctors (per 10,000)",EUR,Europe,Country,BGR,Bulgaria,Year,1990,32.23
"Medical doctors (per 10,000)",EUR,Europe,Country,SWE,Sweden,Year,1990,32.46
"Medical doctors (per 10,000)",EUR,Europe,Country,BEL,Belgium,Year,1990,32.53
"Medical doctors (per 10,000)",EUR,Europe,Country,GRC,Greece,Year,1990,33.58
"Medical doctors (per 10,000)",EUR,Europe,Country,EST,Estonia,Year,1990,35.13
"Medical doctors (per 10,000)",EUR,Europe,Country,LVA,Latvia,Year,1990,35.43
"Medical doctors (per 10,000)",EUR,Europe,Country,LTU,Lithuania,Year,1990,40.03
"Medical doctors (per 10,000)",EUR,Europe,Country,RUS,Russian Federation,Year,1990,45.23
"Medical doctors (per 10,000)",EUR,Europe,Country,ITA,Italy,Year,1990,46.71